-- phpMyAdmin SQL Dump
-- version 4.6.6
-- https://www.phpmyadmin.net/
--
-- Host: localhost:3306
-- Generation Time: Nov 25, 2017 at 02:10 PM
-- Server version: 10.1.20-MariaDB
-- PHP Version: 7.0.8

SET SQL_MODE = "NO_AUTO_VALUE_ON_ZERO";
SET time_zone = "+00:00";


/*!40101 SET @OLD_CHARACTER_SET_CLIENT=@@CHARACTER_SET_CLIENT */;
/*!40101 SET @OLD_CHARACTER_SET_RESULTS=@@CHARACTER_SET_RESULTS */;
/*!40101 SET @OLD_COLLATION_CONNECTION=@@COLLATION_CONNECTION */;
/*!40101 SET NAMES utf8mb4 */;

--
-- Database: `id3503485_mydb`
--

-- --------------------------------------------------------

--
-- Table structure for table `area`
--

CREATE TABLE `area` (
  `idarea` int(11) NOT NULL,
  `area_nombre` varchar(45) NOT NULL,
  `organizacion_idorganizacion` int(11) NOT NULL
) ENGINE=InnoDB DEFAULT CHARSET=utf8;

--
-- Dumping data for table `area`
--

INSERT INTO `area` (`idarea`, `area_nombre`, `organizacion_idorganizacion`) VALUES
(1, 'Decano', 1),
(2, 'Secretaría Academica', 1),
(3, 'Secretaría de Planeamiento', 1),
(4, 'Secretaría Administrativa', 1),
(5, 'Secretaría de Vinculación Tecnológica', 1),
(6, 'Secretaría de Ciencia y Tecnología', 1),
(7, 'Secretaría de Extensión Universitaria', 1),
(8, 'Secretaría de Asuntos Estudiantiles', 1),
(9, 'Secretaria de Cultura y Comun icación Instit.', 1),
(10, 'Dirección de Tecnologías de Inf. y Comunic.', 1),
(11, 'Dirección de Graduados', 1),
(12, 'Dirección de Escuela de Posgrado', 1),
(13, 'Coordinador de Relaciones Institucionales', 1);

-- --------------------------------------------------------

--
-- Table structure for table `criterio`
--

CREATE TABLE `criterio` (
  `idcriterio` int(11) NOT NULL,
  `criterio_nombre` varchar(45) NOT NULL,
  `criterio_tipo_idcriterio_tipo` int(11) NOT NULL
) ENGINE=InnoDB DEFAULT CHARSET=utf8;

--
-- Dumping data for table `criterio`
--

INSERT INTO `criterio` (`idcriterio`, `criterio_nombre`, `criterio_tipo_idcriterio_tipo`) VALUES
(1, 'Liderazgo', 1),
(2, 'Politica y Estrategia', 1),
(3, 'Personas', 1),
(4, 'Alianzas y Recursos', 1),
(5, 'Procesos', 1),
(6, 'Resultados en los Clientes', 2),
(7, 'Resultados en las Personas', 2),
(8, 'Resultados en la Sociedad', 2),
(9, 'Resultados Clave', 2);

-- --------------------------------------------------------

--
-- Table structure for table `criterio_tipo`
--

CREATE TABLE `criterio_tipo` (
  `idcriterio_tipo` int(11) NOT NULL,
  `criterio_tipo_descripcion` varchar(450) NOT NULL
) ENGINE=InnoDB DEFAULT CHARSET=utf8;

--
-- Dumping data for table `criterio_tipo`
--

INSERT INTO `criterio_tipo` (`idcriterio_tipo`, `criterio_tipo_descripcion`) VALUES
(1, 'Agentes'),
(2, 'Resultados');

-- --------------------------------------------------------

--
-- Table structure for table `encuesta`
--

CREATE TABLE `encuesta` (
  `idencuesta` int(11) NOT NULL,
  `fecha_encuenta` date NOT NULL,
  `encuesta_estado` enum('Pendiente','En proceso','Finalizada') DEFAULT NULL,
  `area_idarea` int(11) NOT NULL,
  `encuesta_observacion` varchar(1000) DEFAULT NULL
) ENGINE=InnoDB DEFAULT CHARSET=utf8;

--
-- Dumping data for table `encuesta`
--

INSERT INTO `encuesta` (`idencuesta`, `fecha_encuenta`, `encuesta_estado`, `area_idarea`, `encuesta_observacion`) VALUES
(5, '2010-10-01', 'Finalizada', 1, NULL),
(6, '2010-10-01', 'Finalizada', 2, NULL),
(7, '2010-10-01', 'Finalizada', 3, NULL),
(8, '2010-10-01', 'Finalizada', 4, NULL),
(9, '2010-10-01', 'Finalizada', 5, NULL),
(10, '2010-10-01', 'Finalizada', 6, NULL),
(11, '2010-10-01', 'Finalizada', 7, NULL),
(12, '2010-10-01', 'Finalizada', 8, NULL),
(13, '2012-10-02', 'Finalizada', 1, NULL),
(14, '2012-10-02', 'Finalizada', 2, NULL),
(15, '2012-10-02', 'Finalizada', 3, NULL),
(16, '2012-10-02', 'Finalizada', 4, NULL),
(17, '2012-10-02', 'Finalizada', 5, NULL),
(18, '2012-10-02', 'Finalizada', 6, NULL),
(19, '2012-10-02', 'Finalizada', 7, NULL),
(20, '2012-10-02', 'Finalizada', 8, NULL),
(21, '2015-10-02', 'Finalizada', 1, NULL),
(22, '2015-10-02', 'Finalizada', 2, NULL),
(23, '2015-10-02', 'Finalizada', 3, NULL),
(24, '2015-10-02', 'Finalizada', 4, NULL),
(25, '2015-10-02', 'Finalizada', 5, NULL),
(26, '2015-10-02', 'Finalizada', 6, NULL),
(27, '2015-10-02', 'Finalizada', 7, NULL),
(28, '2015-10-02', 'Finalizada', 8, NULL),
(29, '2016-10-02', 'Finalizada', 1, NULL),
(30, '2016-10-02', 'Finalizada', 2, NULL),
(31, '2016-10-02', 'Finalizada', 3, NULL),
(32, '2016-10-02', 'Finalizada', 4, NULL),
(33, '2016-10-02', 'Finalizada', 5, NULL),
(34, '2016-10-02', 'Finalizada', 6, NULL),
(35, '2016-10-02', 'Finalizada', 7, NULL),
(36, '2016-10-02', 'Finalizada', 8, NULL),
(37, '2016-10-02', 'Finalizada', 9, NULL),
(38, '2016-10-02', 'Finalizada', 10, NULL),
(39, '2016-10-02', 'Finalizada', 11, NULL),
(40, '2017-11-06', 'Finalizada', 1, ''),
(41, '2017-11-06', 'Finalizada', 6, ''),
(42, '2017-11-06', 'Finalizada', 11, ''),
(43, '2017-11-07', 'Finalizada', 3, 'Para realizar la entrevista, el equipo encuestador tuvo que ir dos veces ya que la primer cita fue cancelada.'),
(44, '2017-11-08', 'Finalizada', 13, ''),
(45, '2017-11-11', 'Finalizada', 8, ''),
(47, '2017-11-14', 'Finalizada', 10, 'Para realizar la encuesta, el equipo tuvo que ir en reiteradas oportunidades ya que la persona a cargo era difícil de encontrar a pesar de haber acordado día y horario'),
(48, '2017-11-16', 'Finalizada', 12, 'Esta encuesta fue realizada en 3 dias ya que la persona a cargo de la misma tenia inconvenientes para poder concluirla.'),
(49, '2017-11-18', 'Finalizada', 2, ''),
(50, '2017-11-18', 'Finalizada', 7, 'Un poco de demora para concretar la reunión; pero muy buena atención, compromiso y nivel de la misma'),
(51, '2017-11-20', 'Finalizada', 4, ''),
(52, '2017-11-21', 'Finalizada', 9, ''),
(53, '2017-11-21', 'Finalizada', 5, '');

-- --------------------------------------------------------

--
-- Table structure for table `encuesta_calculo`
--

CREATE TABLE `encuesta_calculo` (
  `idencuesta_calculo` int(11) NOT NULL,
  `pregunta_idpregunta` int(11) NOT NULL,
  `periodo_idperiodo` int(11) NOT NULL,
  `encuesta_idencuesta` int(11) NOT NULL,
  `usuario_idusuario` int(11) NOT NULL,
  `resultado` enum('0','25','50','75','100') NOT NULL,
  `evidencia` enum('0','25','50','75','100') NOT NULL
) ENGINE=InnoDB DEFAULT CHARSET=utf8;

--
-- Dumping data for table `encuesta_calculo`
--

INSERT INTO `encuesta_calculo` (`idencuesta_calculo`, `pregunta_idpregunta`, `periodo_idperiodo`, `encuesta_idencuesta`, `usuario_idusuario`, `resultado`, `evidencia`) VALUES
(334, 12, 8, 5, 1, '25', '100'),
(335, 13, 8, 5, 1, '25', '100'),
(336, 14, 8, 5, 1, '25', '100'),
(337, 15, 8, 5, 1, '25', '100'),
(338, 16, 8, 5, 1, '50', '100'),
(339, 17, 8, 5, 1, '25', '100'),
(340, 18, 8, 5, 1, '50', '100'),
(341, 19, 8, 5, 1, '25', '100'),
(342, 20, 8, 5, 1, '50', '100'),
(343, 21, 8, 5, 1, '75', '100'),
(344, 22, 8, 5, 1, '75', '100'),
(345, 23, 8, 5, 1, '25', '100'),
(346, 24, 8, 5, 1, '75', '100'),
(347, 25, 8, 5, 1, '50', '100'),
(348, 26, 8, 5, 1, '25', '100'),
(349, 27, 8, 5, 1, '25', '100'),
(350, 28, 8, 5, 1, '0', '100'),
(351, 29, 8, 5, 1, '25', '100'),
(352, 30, 8, 5, 1, '25', '100'),
(353, 31, 8, 5, 1, '25', '100'),
(354, 32, 8, 5, 1, '25', '100'),
(355, 33, 8, 5, 1, '0', '100'),
(356, 34, 8, 5, 1, '0', '100'),
(357, 35, 8, 5, 1, '50', '100'),
(358, 36, 8, 5, 1, '0', '100'),
(359, 37, 8, 5, 1, '25', '100'),
(360, 38, 8, 5, 1, '25', '100'),
(361, 39, 8, 5, 1, '25', '100'),
(362, 40, 8, 5, 1, '25', '100'),
(363, 41, 8, 5, 1, '0', '100'),
(364, 42, 8, 5, 1, '0', '100'),
(365, 43, 8, 5, 1, '50', '100'),
(366, 44, 8, 5, 1, '50', '100'),
(367, 45, 8, 5, 1, '25', '100'),
(368, 46, 8, 5, 1, '0', '100'),
(369, 47, 8, 5, 1, '0', '100'),
(370, 48, 8, 5, 1, '25', '100'),
(371, 49, 8, 5, 1, '25', '100'),
(372, 50, 8, 5, 1, '25', '100'),
(373, 51, 8, 5, 1, '25', '100'),
(374, 52, 8, 5, 1, '0', '100'),
(375, 53, 8, 5, 1, '0', '100'),
(376, 54, 8, 5, 1, '0', '100'),
(377, 55, 8, 5, 1, '25', '100'),
(378, 56, 8, 5, 1, '25', '100'),
(379, 57, 8, 5, 1, '0', '100'),
(380, 58, 8, 5, 1, '25', '100'),
(381, 59, 8, 5, 1, '25', '100'),
(382, 60, 8, 5, 1, '25', '100'),
(383, 61, 8, 5, 1, '25', '100'),
(384, 62, 8, 5, 1, '50', '100'),
(385, 63, 8, 5, 1, '25', '100'),
(386, 64, 8, 5, 1, '0', '100'),
(387, 65, 8, 5, 1, '0', '100'),
(388, 66, 8, 5, 1, '0', '100'),
(389, 67, 8, 5, 1, '0', '100'),
(390, 68, 8, 5, 1, '0', '100'),
(391, 69, 8, 5, 1, '0', '100'),
(392, 70, 8, 5, 1, '0', '100'),
(393, 71, 8, 5, 1, '25', '100'),
(394, 72, 8, 5, 1, '50', '100'),
(395, 73, 8, 5, 1, '50', '100'),
(396, 74, 8, 5, 1, '25', '100'),
(397, 75, 8, 5, 1, '25', '100'),
(398, 76, 8, 5, 1, '25', '100'),
(399, 77, 8, 5, 1, '25', '100'),
(400, 78, 8, 5, 1, '25', '100'),
(401, 79, 8, 5, 1, '0', '100'),
(402, 80, 8, 5, 1, '25', '100'),
(403, 81, 8, 5, 1, '0', '100'),
(404, 82, 8, 5, 1, '0', '100'),
(405, 83, 8, 5, 1, '0', '100'),
(406, 84, 8, 5, 1, '0', '100'),
(407, 85, 8, 5, 1, '0', '100'),
(408, 86, 8, 5, 1, '25', '100'),
(409, 87, 8, 5, 1, '0', '100'),
(410, 88, 8, 5, 1, '0', '100'),
(411, 89, 8, 5, 1, '0', '100'),
(412, 90, 8, 5, 1, '0', '100'),
(413, 91, 8, 5, 1, '0', '100'),
(414, 92, 8, 5, 1, '25', '100'),
(415, 93, 8, 5, 1, '0', '100'),
(416, 94, 8, 5, 1, '0', '100'),
(417, 95, 8, 5, 1, '0', '100'),
(418, 96, 8, 5, 1, '0', '100'),
(419, 97, 8, 5, 1, '0', '100'),
(420, 98, 8, 5, 1, '0', '100'),
(421, 99, 8, 5, 1, '0', '100'),
(422, 100, 8, 5, 1, '0', '100'),
(423, 101, 8, 5, 1, '0', '100'),
(424, 102, 8, 5, 1, '0', '100'),
(425, 103, 8, 5, 1, '0', '100'),
(426, 104, 8, 5, 1, '25', '100'),
(427, 105, 8, 5, 1, '0', '100'),
(428, 106, 8, 5, 1, '0', '100'),
(429, 107, 8, 5, 1, '0', '100'),
(430, 108, 8, 5, 1, '0', '100'),
(431, 109, 8, 5, 1, '0', '100'),
(432, 110, 8, 5, 1, '0', '100'),
(433, 111, 8, 5, 1, '0', '100'),
(434, 112, 8, 5, 1, '0', '100'),
(435, 113, 8, 5, 1, '25', '100'),
(436, 114, 8, 5, 1, '25', '100'),
(437, 115, 8, 5, 1, '50', '100'),
(438, 116, 8, 5, 1, '25', '100'),
(439, 117, 8, 5, 1, '50', '100'),
(440, 118, 8, 5, 1, '0', '100'),
(441, 119, 8, 5, 1, '0', '100'),
(442, 120, 8, 5, 1, '0', '100'),
(443, 121, 8, 5, 1, '0', '100'),
(444, 122, 8, 5, 1, '0', '100'),
(445, 12, 8, 6, 1, '25', '100'),
(446, 13, 8, 6, 1, '50', '100'),
(447, 14, 8, 6, 1, '50', '100'),
(448, 15, 8, 6, 1, '25', '100'),
(449, 16, 8, 6, 1, '25', '100'),
(450, 17, 8, 6, 1, '25', '100'),
(451, 18, 8, 6, 1, '50', '100'),
(452, 19, 8, 6, 1, '50', '100'),
(453, 20, 8, 6, 1, '25', '100'),
(454, 21, 8, 6, 1, '50', '100'),
(455, 22, 8, 6, 1, '75', '100'),
(456, 23, 8, 6, 1, '50', '100'),
(457, 24, 8, 6, 1, '50', '100'),
(458, 25, 8, 6, 1, '50', '100'),
(459, 26, 8, 6, 1, '0', '100'),
(460, 27, 8, 6, 1, '0', '100'),
(461, 28, 8, 6, 1, '0', '100'),
(462, 29, 8, 6, 1, '0', '100'),
(463, 30, 8, 6, 1, '0', '100'),
(464, 31, 8, 6, 1, '0', '100'),
(465, 32, 8, 6, 1, '25', '100'),
(466, 33, 8, 6, 1, '50', '100'),
(467, 34, 8, 6, 1, '50', '100'),
(468, 35, 8, 6, 1, '50', '100'),
(469, 36, 8, 6, 1, '25', '100'),
(470, 37, 8, 6, 1, '50', '100'),
(471, 38, 8, 6, 1, '25', '100'),
(472, 39, 8, 6, 1, '25', '100'),
(473, 40, 8, 6, 1, '25', '100'),
(474, 41, 8, 6, 1, '50', '100'),
(475, 42, 8, 6, 1, '25', '100'),
(476, 43, 8, 6, 1, '25', '100'),
(477, 44, 8, 6, 1, '25', '100'),
(478, 45, 8, 6, 1, '25', '100'),
(479, 46, 8, 6, 1, '0', '100'),
(480, 47, 8, 6, 1, '0', '100'),
(481, 48, 8, 6, 1, '25', '100'),
(482, 49, 8, 6, 1, '50', '100'),
(483, 50, 8, 6, 1, '50', '100'),
(484, 51, 8, 6, 1, '25', '100'),
(485, 52, 8, 6, 1, '0', '100'),
(486, 53, 8, 6, 1, '0', '100'),
(487, 54, 8, 6, 1, '0', '100'),
(488, 55, 8, 6, 1, '25', '100'),
(489, 56, 8, 6, 1, '25', '100'),
(490, 57, 8, 6, 1, '25', '100'),
(491, 58, 8, 6, 1, '25', '100'),
(492, 59, 8, 6, 1, '50', '100'),
(493, 60, 8, 6, 1, '25', '100'),
(494, 61, 8, 6, 1, '25', '100'),
(495, 62, 8, 6, 1, '0', '100'),
(496, 63, 8, 6, 1, '0', '100'),
(497, 64, 8, 6, 1, '0', '100'),
(498, 65, 8, 6, 1, '0', '100'),
(499, 66, 8, 6, 1, '0', '100'),
(500, 67, 8, 6, 1, '0', '100'),
(501, 68, 8, 6, 1, '0', '100'),
(502, 69, 8, 6, 1, '25', '100'),
(503, 70, 8, 6, 1, '50', '100'),
(504, 71, 8, 6, 1, '25', '100'),
(505, 72, 8, 6, 1, '25', '100'),
(506, 73, 8, 6, 1, '25', '100'),
(507, 74, 8, 6, 1, '50', '100'),
(508, 75, 8, 6, 1, '25', '100'),
(509, 76, 8, 6, 1, '25', '100'),
(510, 77, 8, 6, 1, '75', '100'),
(511, 78, 8, 6, 1, '25', '100'),
(512, 79, 8, 6, 1, '0', '100'),
(513, 80, 8, 6, 1, '25', '100'),
(514, 81, 8, 6, 1, '0', '100'),
(515, 82, 8, 6, 1, '0', '100'),
(516, 83, 8, 6, 1, '0', '100'),
(517, 84, 8, 6, 1, '0', '100'),
(518, 85, 8, 6, 1, '0', '100'),
(519, 86, 8, 6, 1, '0', '100'),
(520, 87, 8, 6, 1, '0', '100'),
(521, 88, 8, 6, 1, '0', '100'),
(522, 89, 8, 6, 1, '0', '100'),
(523, 90, 8, 6, 1, '0', '100'),
(524, 91, 8, 6, 1, '0', '100'),
(525, 92, 8, 6, 1, '25', '100'),
(526, 93, 8, 6, 1, '0', '100'),
(527, 94, 8, 6, 1, '0', '100'),
(528, 95, 8, 6, 1, '0', '100'),
(529, 96, 8, 6, 1, '0', '100'),
(530, 97, 8, 6, 1, '0', '100'),
(531, 98, 8, 6, 1, '0', '100'),
(532, 99, 8, 6, 1, '0', '100'),
(533, 100, 8, 6, 1, '0', '100'),
(534, 101, 8, 6, 1, '0', '100'),
(535, 102, 8, 6, 1, '0', '100'),
(536, 103, 8, 6, 1, '0', '100'),
(537, 104, 8, 6, 1, '0', '100'),
(538, 105, 8, 6, 1, '0', '100'),
(539, 106, 8, 6, 1, '0', '100'),
(540, 107, 8, 6, 1, '0', '100'),
(541, 108, 8, 6, 1, '0', '100'),
(542, 109, 8, 6, 1, '0', '100'),
(543, 110, 8, 6, 1, '0', '100'),
(544, 111, 8, 6, 1, '0', '100'),
(545, 112, 8, 6, 1, '0', '100'),
(546, 113, 8, 6, 1, '25', '100'),
(547, 114, 8, 6, 1, '50', '100'),
(548, 115, 8, 6, 1, '75', '100'),
(549, 116, 8, 6, 1, '0', '100'),
(550, 117, 8, 6, 1, '0', '100'),
(551, 118, 8, 6, 1, '0', '100'),
(552, 119, 8, 6, 1, '0', '100'),
(553, 120, 8, 6, 1, '0', '100'),
(554, 121, 8, 6, 1, '0', '100'),
(555, 122, 8, 6, 1, '0', '100'),
(556, 12, 8, 7, 1, '75', '100'),
(557, 13, 8, 7, 1, '50', '100'),
(558, 14, 8, 7, 1, '75', '100'),
(559, 15, 8, 7, 1, '25', '100'),
(560, 16, 8, 7, 1, '50', '100'),
(561, 17, 8, 7, 1, '50', '100'),
(562, 18, 8, 7, 1, '75', '100'),
(563, 19, 8, 7, 1, '50', '100'),
(564, 20, 8, 7, 1, '50', '100'),
(565, 21, 8, 7, 1, '50', '100'),
(566, 22, 8, 7, 1, '50', '100'),
(567, 23, 8, 7, 1, '75', '100'),
(568, 24, 8, 7, 1, '75', '100'),
(569, 25, 8, 7, 1, '50', '100'),
(570, 26, 8, 7, 1, '75', '100'),
(571, 27, 8, 7, 1, '50', '100'),
(572, 28, 8, 7, 1, '0', '100'),
(573, 29, 8, 7, 1, '50', '100'),
(574, 30, 8, 7, 1, '50', '100'),
(575, 31, 8, 7, 1, '25', '100'),
(576, 32, 8, 7, 1, '50', '100'),
(577, 33, 8, 7, 1, '25', '100'),
(578, 34, 8, 7, 1, '25', '100'),
(579, 35, 8, 7, 1, '25', '100'),
(580, 36, 8, 7, 1, '50', '100'),
(581, 37, 8, 7, 1, '50', '100'),
(582, 38, 8, 7, 1, '25', '100'),
(583, 39, 8, 7, 1, '25', '100'),
(584, 40, 8, 7, 1, '25', '100'),
(585, 41, 8, 7, 1, '25', '100'),
(586, 42, 8, 7, 1, '25', '100'),
(587, 43, 8, 7, 1, '75', '100'),
(588, 44, 8, 7, 1, '25', '100'),
(589, 45, 8, 7, 1, '25', '100'),
(590, 46, 8, 7, 1, '50', '100'),
(591, 47, 8, 7, 1, '25', '100'),
(592, 48, 8, 7, 1, '25', '100'),
(593, 49, 8, 7, 1, '100', '100'),
(594, 50, 8, 7, 1, '50', '100'),
(595, 51, 8, 7, 1, '25', '100'),
(596, 52, 8, 7, 1, '0', '100'),
(597, 53, 8, 7, 1, '0', '100'),
(598, 54, 8, 7, 1, '0', '100'),
(599, 55, 8, 7, 1, '25', '100'),
(600, 56, 8, 7, 1, '25', '100'),
(601, 57, 8, 7, 1, '25', '100'),
(602, 58, 8, 7, 1, '25', '100'),
(603, 59, 8, 7, 1, '50', '100'),
(604, 60, 8, 7, 1, '25', '100'),
(605, 61, 8, 7, 1, '25', '100'),
(606, 62, 8, 7, 1, '0', '100'),
(607, 63, 8, 7, 1, '25', '100'),
(608, 64, 8, 7, 1, '0', '100'),
(609, 65, 8, 7, 1, '25', '100'),
(610, 66, 8, 7, 1, '25', '100'),
(611, 67, 8, 7, 1, '25', '100'),
(612, 68, 8, 7, 1, '25', '100'),
(613, 69, 8, 7, 1, '25', '100'),
(614, 70, 8, 7, 1, '25', '100'),
(615, 71, 8, 7, 1, '25', '100'),
(616, 72, 8, 7, 1, '50', '100'),
(617, 73, 8, 7, 1, '25', '100'),
(618, 74, 8, 7, 1, '50', '100'),
(619, 75, 8, 7, 1, '50', '100'),
(620, 76, 8, 7, 1, '25', '100'),
(621, 77, 8, 7, 1, '25', '100'),
(622, 78, 8, 7, 1, '50', '100'),
(623, 79, 8, 7, 1, '25', '100'),
(624, 80, 8, 7, 1, '25', '100'),
(625, 81, 8, 7, 1, '25', '100'),
(626, 82, 8, 7, 1, '25', '100'),
(627, 83, 8, 7, 1, '50', '100'),
(628, 84, 8, 7, 1, '25', '100'),
(629, 85, 8, 7, 1, '50', '100'),
(630, 86, 8, 7, 1, '25', '100'),
(631, 87, 8, 7, 1, '25', '100'),
(632, 88, 8, 7, 1, '25', '100'),
(633, 89, 8, 7, 1, '50', '100'),
(634, 90, 8, 7, 1, '25', '100'),
(635, 91, 8, 7, 1, '50', '100'),
(636, 92, 8, 7, 1, '50', '100'),
(637, 93, 8, 7, 1, '25', '100'),
(638, 94, 8, 7, 1, '25', '100'),
(639, 95, 8, 7, 1, '25', '100'),
(640, 96, 8, 7, 1, '0', '100'),
(641, 97, 8, 7, 1, '0', '100'),
(642, 98, 8, 7, 1, '0', '100'),
(643, 99, 8, 7, 1, '0', '100'),
(644, 100, 8, 7, 1, '0', '100'),
(645, 101, 8, 7, 1, '0', '100'),
(646, 102, 8, 7, 1, '0', '100'),
(647, 103, 8, 7, 1, '0', '100'),
(648, 104, 8, 7, 1, '0', '100'),
(649, 105, 8, 7, 1, '0', '100'),
(650, 106, 8, 7, 1, '0', '100'),
(651, 107, 8, 7, 1, '0', '100'),
(652, 108, 8, 7, 1, '0', '100'),
(653, 109, 8, 7, 1, '0', '100'),
(654, 110, 8, 7, 1, '0', '100'),
(655, 111, 8, 7, 1, '0', '100'),
(656, 112, 8, 7, 1, '0', '100'),
(657, 113, 8, 7, 1, '50', '100'),
(658, 114, 8, 7, 1, '50', '100'),
(659, 115, 8, 7, 1, '75', '100'),
(660, 116, 8, 7, 1, '0', '100'),
(661, 117, 8, 7, 1, '0', '100'),
(662, 118, 8, 7, 1, '25', '100'),
(663, 119, 8, 7, 1, '50', '100'),
(664, 120, 8, 7, 1, '50', '100'),
(665, 121, 8, 7, 1, '25', '100'),
(666, 122, 8, 7, 1, '0', '100'),
(667, 12, 8, 8, 1, '50', '100'),
(668, 13, 8, 8, 1, '25', '100'),
(669, 14, 8, 8, 1, '25', '100'),
(670, 15, 8, 8, 1, '25', '100'),
(671, 16, 8, 8, 1, '50', '100'),
(672, 17, 8, 8, 1, '25', '100'),
(673, 18, 8, 8, 1, '25', '100'),
(674, 19, 8, 8, 1, '25', '100'),
(675, 20, 8, 8, 1, '50', '100'),
(676, 21, 8, 8, 1, '25', '100'),
(677, 22, 8, 8, 1, '25', '100'),
(678, 23, 8, 8, 1, '50', '100'),
(679, 24, 8, 8, 1, '50', '100'),
(680, 25, 8, 8, 1, '50', '100'),
(681, 26, 8, 8, 1, '25', '100'),
(682, 27, 8, 8, 1, '50', '100'),
(683, 28, 8, 8, 1, '25', '100'),
(684, 29, 8, 8, 1, '25', '100'),
(685, 30, 8, 8, 1, '50', '100'),
(686, 31, 8, 8, 1, '50', '100'),
(687, 32, 8, 8, 1, '25', '100'),
(688, 33, 8, 8, 1, '25', '100'),
(689, 34, 8, 8, 1, '25', '100'),
(690, 35, 8, 8, 1, '25', '100'),
(691, 36, 8, 8, 1, '50', '100'),
(692, 37, 8, 8, 1, '25', '100'),
(693, 38, 8, 8, 1, '50', '100'),
(694, 39, 8, 8, 1, '50', '100'),
(695, 40, 8, 8, 1, '25', '100'),
(696, 41, 8, 8, 1, '25', '100'),
(697, 42, 8, 8, 1, '25', '100'),
(698, 43, 8, 8, 1, '25', '100'),
(699, 44, 8, 8, 1, '25', '100'),
(700, 45, 8, 8, 1, '25', '100'),
(701, 46, 8, 8, 1, '25', '100'),
(702, 47, 8, 8, 1, '25', '100'),
(703, 48, 8, 8, 1, '25', '100'),
(704, 49, 8, 8, 1, '50', '100'),
(705, 50, 8, 8, 1, '75', '100'),
(706, 51, 8, 8, 1, '75', '100'),
(707, 52, 8, 8, 1, '25', '100'),
(708, 53, 8, 8, 1, '25', '100'),
(709, 54, 8, 8, 1, '25', '100'),
(710, 55, 8, 8, 1, '25', '100'),
(711, 56, 8, 8, 1, '0', '100'),
(712, 57, 8, 8, 1, '0', '100'),
(713, 58, 8, 8, 1, '25', '100'),
(714, 59, 8, 8, 1, '25', '100'),
(715, 60, 8, 8, 1, '50', '100'),
(716, 61, 8, 8, 1, '50', '100'),
(717, 62, 8, 8, 1, '50', '100'),
(718, 63, 8, 8, 1, '25', '100'),
(719, 64, 8, 8, 1, '0', '100'),
(720, 65, 8, 8, 1, '0', '100'),
(721, 66, 8, 8, 1, '25', '100'),
(722, 67, 8, 8, 1, '50', '100'),
(723, 68, 8, 8, 1, '25', '100'),
(724, 69, 8, 8, 1, '25', '100'),
(725, 70, 8, 8, 1, '50', '100'),
(726, 71, 8, 8, 1, '50', '100'),
(727, 72, 8, 8, 1, '50', '100'),
(728, 73, 8, 8, 1, '25', '100'),
(729, 74, 8, 8, 1, '50', '100'),
(730, 75, 8, 8, 1, '25', '100'),
(731, 76, 8, 8, 1, '50', '100'),
(732, 77, 8, 8, 1, '25', '100'),
(733, 78, 8, 8, 1, '50', '100'),
(734, 79, 8, 8, 1, '25', '100'),
(735, 80, 8, 8, 1, '25', '100'),
(736, 81, 8, 8, 1, '0', '100'),
(737, 82, 8, 8, 1, '0', '100'),
(738, 83, 8, 8, 1, '0', '100'),
(739, 84, 8, 8, 1, '0', '100'),
(740, 85, 8, 8, 1, '0', '100'),
(741, 86, 8, 8, 1, '0', '100'),
(742, 87, 8, 8, 1, '25', '100'),
(743, 88, 8, 8, 1, '25', '100'),
(744, 89, 8, 8, 1, '25', '100'),
(745, 90, 8, 8, 1, '0', '100'),
(746, 91, 8, 8, 1, '0', '100'),
(747, 92, 8, 8, 1, '0', '100'),
(748, 93, 8, 8, 1, '0', '100'),
(749, 94, 8, 8, 1, '0', '100'),
(750, 95, 8, 8, 1, '0', '100'),
(751, 96, 8, 8, 1, '0', '100'),
(752, 97, 8, 8, 1, '0', '100'),
(753, 98, 8, 8, 1, '0', '100'),
(754, 99, 8, 8, 1, '0', '100'),
(755, 100, 8, 8, 1, '0', '100'),
(756, 101, 8, 8, 1, '0', '100'),
(757, 102, 8, 8, 1, '0', '100'),
(758, 103, 8, 8, 1, '0', '100'),
(759, 104, 8, 8, 1, '50', '100'),
(760, 105, 8, 8, 1, '50', '100'),
(761, 106, 8, 8, 1, '25', '100'),
(762, 107, 8, 8, 1, '50', '100'),
(763, 108, 8, 8, 1, '25', '100'),
(764, 109, 8, 8, 1, '50', '100'),
(765, 110, 8, 8, 1, '25', '100'),
(766, 111, 8, 8, 1, '50', '100'),
(767, 112, 8, 8, 1, '50', '100'),
(768, 113, 8, 8, 1, '25', '100'),
(769, 114, 8, 8, 1, '50', '100'),
(770, 115, 8, 8, 1, '50', '100'),
(771, 116, 8, 8, 1, '25', '100'),
(772, 117, 8, 8, 1, '50', '100'),
(773, 118, 8, 8, 1, '0', '100'),
(774, 119, 8, 8, 1, '0', '100'),
(775, 120, 8, 8, 1, '0', '100'),
(776, 121, 8, 8, 1, '0', '100'),
(777, 122, 8, 8, 1, '0', '100'),
(778, 12, 8, 9, 1, '25', '100'),
(779, 13, 8, 9, 1, '50', '100'),
(780, 14, 8, 9, 1, '75', '100'),
(781, 15, 8, 9, 1, '50', '100'),
(782, 16, 8, 9, 1, '25', '100'),
(783, 17, 8, 9, 1, '25', '100'),
(784, 18, 8, 9, 1, '75', '100'),
(785, 19, 8, 9, 1, '50', '100'),
(786, 20, 8, 9, 1, '75', '100'),
(787, 21, 8, 9, 1, '100', '100'),
(788, 22, 8, 9, 1, '75', '100'),
(789, 23, 8, 9, 1, '75', '100'),
(790, 24, 8, 9, 1, '75', '100'),
(791, 25, 8, 9, 1, '50', '100'),
(792, 26, 8, 9, 1, '25', '100'),
(793, 27, 8, 9, 1, '25', '100'),
(794, 28, 8, 9, 1, '25', '100'),
(795, 29, 8, 9, 1, '50', '100'),
(796, 30, 8, 9, 1, '50', '100'),
(797, 31, 8, 9, 1, '75', '100'),
(798, 32, 8, 9, 1, '50', '100'),
(799, 33, 8, 9, 1, '25', '100'),
(800, 34, 8, 9, 1, '25', '100'),
(801, 35, 8, 9, 1, '50', '100'),
(802, 36, 8, 9, 1, '25', '100'),
(803, 37, 8, 9, 1, '50', '100'),
(804, 38, 8, 9, 1, '50', '100'),
(805, 39, 8, 9, 1, '25', '100'),
(806, 40, 8, 9, 1, '25', '100'),
(807, 41, 8, 9, 1, '50', '100'),
(808, 42, 8, 9, 1, '25', '100'),
(809, 43, 8, 9, 1, '50', '100'),
(810, 44, 8, 9, 1, '50', '100'),
(811, 45, 8, 9, 1, '75', '100'),
(812, 46, 8, 9, 1, '50', '100'),
(813, 47, 8, 9, 1, '25', '100'),
(814, 48, 8, 9, 1, '75', '100'),
(815, 49, 8, 9, 1, '100', '100'),
(816, 50, 8, 9, 1, '75', '100'),
(817, 51, 8, 9, 1, '75', '100'),
(818, 52, 8, 9, 1, '50', '100'),
(819, 53, 8, 9, 1, '50', '100'),
(820, 54, 8, 9, 1, '50', '100'),
(821, 55, 8, 9, 1, '75', '100'),
(822, 56, 8, 9, 1, '50', '100'),
(823, 57, 8, 9, 1, '25', '100'),
(824, 58, 8, 9, 1, '50', '100'),
(825, 59, 8, 9, 1, '50', '100'),
(826, 60, 8, 9, 1, '50', '100'),
(827, 61, 8, 9, 1, '50', '100'),
(828, 62, 8, 9, 1, '50', '100'),
(829, 63, 8, 9, 1, '25', '100'),
(830, 64, 8, 9, 1, '0', '100'),
(831, 65, 8, 9, 1, '25', '100'),
(832, 66, 8, 9, 1, '0', '100'),
(833, 67, 8, 9, 1, '25', '100'),
(834, 68, 8, 9, 1, '25', '100'),
(835, 69, 8, 9, 1, '50', '100'),
(836, 70, 8, 9, 1, '50', '100'),
(837, 71, 8, 9, 1, '75', '100'),
(838, 72, 8, 9, 1, '25', '100'),
(839, 73, 8, 9, 1, '25', '100'),
(840, 74, 8, 9, 1, '75', '100'),
(841, 75, 8, 9, 1, '75', '100'),
(842, 76, 8, 9, 1, '75', '100'),
(843, 77, 8, 9, 1, '75', '100'),
(844, 78, 8, 9, 1, '75', '100'),
(845, 79, 8, 9, 1, '50', '100'),
(846, 80, 8, 9, 1, '25', '100'),
(847, 81, 8, 9, 1, '25', '100'),
(848, 82, 8, 9, 1, '25', '100'),
(849, 83, 8, 9, 1, '75', '100'),
(850, 84, 8, 9, 1, '50', '100'),
(851, 85, 8, 9, 1, '75', '100'),
(852, 86, 8, 9, 1, '25', '100'),
(853, 87, 8, 9, 1, '25', '100'),
(854, 88, 8, 9, 1, '50', '100'),
(855, 89, 8, 9, 1, '50', '100'),
(856, 90, 8, 9, 1, '25', '100'),
(857, 91, 8, 9, 1, '50', '100'),
(858, 92, 8, 9, 1, '50', '100'),
(859, 93, 8, 9, 1, '25', '100'),
(860, 94, 8, 9, 1, '75', '100'),
(861, 95, 8, 9, 1, '50', '100'),
(862, 96, 8, 9, 1, '0', '100'),
(863, 97, 8, 9, 1, '0', '100'),
(864, 98, 8, 9, 1, '0', '100'),
(865, 99, 8, 9, 1, '50', '100'),
(866, 100, 8, 9, 1, '75', '100'),
(867, 101, 8, 9, 1, '50', '100'),
(868, 102, 8, 9, 1, '0', '100'),
(869, 103, 8, 9, 1, '0', '100'),
(870, 104, 8, 9, 1, '50', '100'),
(871, 105, 8, 9, 1, '50', '100'),
(872, 106, 8, 9, 1, '75', '100'),
(873, 107, 8, 9, 1, '50', '100'),
(874, 108, 8, 9, 1, '50', '100'),
(875, 109, 8, 9, 1, '50', '100'),
(876, 110, 8, 9, 1, '75', '100'),
(877, 111, 8, 9, 1, '50', '100'),
(878, 112, 8, 9, 1, '75', '100'),
(879, 113, 8, 9, 1, '75', '100'),
(880, 114, 8, 9, 1, '75', '100'),
(881, 115, 8, 9, 1, '75', '100'),
(882, 116, 8, 9, 1, '0', '100'),
(883, 117, 8, 9, 1, '0', '100'),
(884, 118, 8, 9, 1, '0', '100'),
(885, 119, 8, 9, 1, '0', '100'),
(886, 120, 8, 9, 1, '0', '100'),
(887, 121, 8, 9, 1, '0', '100'),
(888, 122, 8, 9, 1, '0', '100'),
(889, 12, 8, 10, 1, '25', '100'),
(890, 13, 8, 10, 1, '25', '100'),
(891, 14, 8, 10, 1, '50', '100'),
(892, 15, 8, 10, 1, '50', '100'),
(893, 16, 8, 10, 1, '75', '100'),
(894, 17, 8, 10, 1, '50', '100'),
(895, 18, 8, 10, 1, '50', '100'),
(896, 19, 8, 10, 1, '50', '100'),
(897, 20, 8, 10, 1, '100', '100'),
(898, 21, 8, 10, 1, '75', '100'),
(899, 22, 8, 10, 1, '75', '100'),
(900, 23, 8, 10, 1, '75', '100'),
(901, 24, 8, 10, 1, '75', '100'),
(902, 25, 8, 10, 1, '100', '100'),
(903, 26, 8, 10, 1, '50', '100'),
(904, 27, 8, 10, 1, '25', '100'),
(905, 28, 8, 10, 1, '25', '100'),
(906, 29, 8, 10, 1, '25', '100'),
(907, 30, 8, 10, 1, '0', '100'),
(908, 31, 8, 10, 1, '0', '100'),
(909, 32, 8, 10, 1, '0', '100'),
(910, 33, 8, 10, 1, '25', '100'),
(911, 34, 8, 10, 1, '25', '100'),
(912, 35, 8, 10, 1, '50', '100'),
(913, 36, 8, 10, 1, '0', '100'),
(914, 37, 8, 10, 1, '50', '100'),
(915, 38, 8, 10, 1, '25', '100'),
(916, 39, 8, 10, 1, '50', '100'),
(917, 40, 8, 10, 1, '50', '100'),
(918, 41, 8, 10, 1, '75', '100'),
(919, 42, 8, 10, 1, '50', '100'),
(920, 43, 8, 10, 1, '75', '100'),
(921, 44, 8, 10, 1, '25', '100'),
(922, 45, 8, 10, 1, '50', '100'),
(923, 46, 8, 10, 1, '0', '100'),
(924, 47, 8, 10, 1, '0', '100'),
(925, 48, 8, 10, 1, '50', '100'),
(926, 49, 8, 10, 1, '75', '100'),
(927, 50, 8, 10, 1, '75', '100'),
(928, 51, 8, 10, 1, '75', '100'),
(929, 52, 8, 10, 1, '0', '100'),
(930, 53, 8, 10, 1, '0', '100'),
(931, 54, 8, 10, 1, '0', '100'),
(932, 55, 8, 10, 1, '50', '100'),
(933, 56, 8, 10, 1, '0', '100'),
(934, 57, 8, 10, 1, '0', '100'),
(935, 58, 8, 10, 1, '50', '100'),
(936, 59, 8, 10, 1, '75', '100'),
(937, 60, 8, 10, 1, '50', '100'),
(938, 61, 8, 10, 1, '50', '100'),
(939, 62, 8, 10, 1, '50', '100'),
(940, 63, 8, 10, 1, '0', '100'),
(941, 64, 8, 10, 1, '0', '100'),
(942, 65, 8, 10, 1, '0', '100'),
(943, 66, 8, 10, 1, '0', '100'),
(944, 67, 8, 10, 1, '0', '100'),
(945, 68, 8, 10, 1, '0', '100'),
(946, 69, 8, 10, 1, '25', '100'),
(947, 70, 8, 10, 1, '25', '100'),
(948, 71, 8, 10, 1, '25', '100'),
(949, 72, 8, 10, 1, '25', '100'),
(950, 73, 8, 10, 1, '25', '100'),
(951, 74, 8, 10, 1, '75', '100'),
(952, 75, 8, 10, 1, '50', '100'),
(953, 76, 8, 10, 1, '0', '100'),
(954, 77, 8, 10, 1, '0', '100'),
(955, 78, 8, 10, 1, '75', '100'),
(956, 79, 8, 10, 1, '25', '100'),
(957, 80, 8, 10, 1, '50', '100'),
(958, 81, 8, 10, 1, '25', '100'),
(959, 82, 8, 10, 1, '25', '100'),
(960, 83, 8, 10, 1, '50', '100'),
(961, 84, 8, 10, 1, '50', '100'),
(962, 85, 8, 10, 1, '50', '100'),
(963, 86, 8, 10, 1, '25', '100'),
(964, 87, 8, 10, 1, '25', '100'),
(965, 88, 8, 10, 1, '50', '100'),
(966, 89, 8, 10, 1, '50', '100'),
(967, 90, 8, 10, 1, '50', '100'),
(968, 91, 8, 10, 1, '50', '100'),
(969, 92, 8, 10, 1, '25', '100'),
(970, 93, 8, 10, 1, '0', '100'),
(971, 94, 8, 10, 1, '0', '100'),
(972, 95, 8, 10, 1, '0', '100'),
(973, 96, 8, 10, 1, '25', '100'),
(974, 97, 8, 10, 1, '50', '100'),
(975, 98, 8, 10, 1, '25', '100'),
(976, 99, 8, 10, 1, '50', '100'),
(977, 100, 8, 10, 1, '25', '100'),
(978, 101, 8, 10, 1, '75', '100'),
(979, 102, 8, 10, 1, '25', '100'),
(980, 103, 8, 10, 1, '50', '100'),
(981, 104, 8, 10, 1, '25', '100'),
(982, 105, 8, 10, 1, '50', '100'),
(983, 106, 8, 10, 1, '25', '100'),
(984, 107, 8, 10, 1, '0', '100'),
(985, 108, 8, 10, 1, '0', '100'),
(986, 109, 8, 10, 1, '0', '100'),
(987, 110, 8, 10, 1, '0', '100'),
(988, 111, 8, 10, 1, '0', '100'),
(989, 112, 8, 10, 1, '0', '100'),
(990, 113, 8, 10, 1, '50', '100'),
(991, 114, 8, 10, 1, '50', '100'),
(992, 115, 8, 10, 1, '25', '100'),
(993, 116, 8, 10, 1, '25', '100'),
(994, 117, 8, 10, 1, '25', '100'),
(995, 118, 8, 10, 1, '0', '100'),
(996, 119, 8, 10, 1, '0', '100'),
(997, 120, 8, 10, 1, '0', '100'),
(998, 121, 8, 10, 1, '0', '100'),
(999, 122, 8, 10, 1, '0', '100'),
(1000, 12, 8, 11, 1, '50', '100'),
(1001, 13, 8, 11, 1, '50', '100'),
(1002, 14, 8, 11, 1, '25', '100'),
(1003, 15, 8, 11, 1, '25', '100'),
(1004, 16, 8, 11, 1, '75', '100'),
(1005, 17, 8, 11, 1, '75', '100'),
(1006, 18, 8, 11, 1, '25', '100'),
(1007, 19, 8, 11, 1, '50', '100'),
(1008, 20, 8, 11, 1, '75', '100'),
(1009, 21, 8, 11, 1, '75', '100'),
(1010, 22, 8, 11, 1, '50', '100'),
(1011, 23, 8, 11, 1, '50', '100'),
(1012, 24, 8, 11, 1, '50', '100'),
(1013, 25, 8, 11, 1, '75', '100'),
(1014, 26, 8, 11, 1, '50', '100'),
(1015, 27, 8, 11, 1, '25', '100'),
(1016, 28, 8, 11, 1, '25', '100'),
(1017, 29, 8, 11, 1, '50', '100'),
(1018, 30, 8, 11, 1, '50', '100'),
(1019, 31, 8, 11, 1, '75', '100'),
(1020, 32, 8, 11, 1, '25', '100'),
(1021, 33, 8, 11, 1, '25', '100'),
(1022, 34, 8, 11, 1, '25', '100'),
(1023, 35, 8, 11, 1, '25', '100'),
(1024, 36, 8, 11, 1, '25', '100'),
(1025, 37, 8, 11, 1, '50', '100'),
(1026, 38, 8, 11, 1, '25', '100'),
(1027, 39, 8, 11, 1, '50', '100'),
(1028, 40, 8, 11, 1, '75', '100'),
(1029, 41, 8, 11, 1, '50', '100'),
(1030, 42, 8, 11, 1, '25', '100'),
(1031, 43, 8, 11, 1, '50', '100'),
(1032, 44, 8, 11, 1, '25', '100'),
(1033, 45, 8, 11, 1, '25', '100'),
(1034, 46, 8, 11, 1, '25', '100'),
(1035, 47, 8, 11, 1, '50', '100'),
(1036, 48, 8, 11, 1, '25', '100'),
(1037, 49, 8, 11, 1, '50', '100'),
(1038, 50, 8, 11, 1, '50', '100'),
(1039, 51, 8, 11, 1, '50', '100'),
(1040, 52, 8, 11, 1, '25', '100'),
(1041, 53, 8, 11, 1, '25', '100'),
(1042, 54, 8, 11, 1, '50', '100'),
(1043, 55, 8, 11, 1, '25', '100'),
(1044, 56, 8, 11, 1, '25', '100'),
(1045, 57, 8, 11, 1, '25', '100'),
(1046, 58, 8, 11, 1, '50', '100'),
(1047, 59, 8, 11, 1, '50', '100'),
(1048, 60, 8, 11, 1, '50', '100'),
(1049, 61, 8, 11, 1, '25', '100'),
(1050, 62, 8, 11, 1, '75', '100'),
(1051, 63, 8, 11, 1, '25', '100'),
(1052, 64, 8, 11, 1, '25', '100'),
(1053, 65, 8, 11, 1, '25', '100'),
(1054, 66, 8, 11, 1, '0', '100'),
(1055, 67, 8, 11, 1, '25', '100'),
(1056, 68, 8, 11, 1, '25', '100'),
(1057, 69, 8, 11, 1, '25', '100'),
(1058, 70, 8, 11, 1, '25', '100'),
(1059, 71, 8, 11, 1, '25', '100'),
(1060, 72, 8, 11, 1, '25', '100'),
(1061, 73, 8, 11, 1, '25', '100'),
(1062, 74, 8, 11, 1, '50', '100'),
(1063, 75, 8, 11, 1, '50', '100'),
(1064, 76, 8, 11, 1, '50', '100'),
(1065, 77, 8, 11, 1, '50', '100'),
(1066, 78, 8, 11, 1, '50', '100'),
(1067, 79, 8, 11, 1, '25', '100'),
(1068, 80, 8, 11, 1, '25', '100'),
(1069, 81, 8, 11, 1, '0', '100'),
(1070, 82, 8, 11, 1, '0', '100'),
(1071, 83, 8, 11, 1, '0', '100'),
(1072, 84, 8, 11, 1, '0', '100'),
(1073, 85, 8, 11, 1, '0', '100'),
(1074, 86, 8, 11, 1, '0', '100'),
(1075, 87, 8, 11, 1, '50', '100'),
(1076, 88, 8, 11, 1, '75', '100'),
(1077, 89, 8, 11, 1, '50', '100'),
(1078, 90, 8, 11, 1, '25', '100'),
(1079, 91, 8, 11, 1, '50', '100'),
(1080, 92, 8, 11, 1, '25', '100'),
(1081, 93, 8, 11, 1, '25', '100'),
(1082, 94, 8, 11, 1, '25', '100'),
(1083, 95, 8, 11, 1, '50', '100'),
(1084, 96, 8, 11, 1, '0', '100'),
(1085, 97, 8, 11, 1, '0', '100'),
(1086, 98, 8, 11, 1, '0', '100'),
(1087, 99, 8, 11, 1, '0', '100'),
(1088, 100, 8, 11, 1, '0', '100'),
(1089, 101, 8, 11, 1, '0', '100'),
(1090, 102, 8, 11, 1, '0', '100'),
(1091, 103, 8, 11, 1, '0', '100'),
(1092, 104, 8, 11, 1, '25', '100'),
(1093, 105, 8, 11, 1, '50', '100'),
(1094, 106, 8, 11, 1, '50', '100'),
(1095, 107, 8, 11, 1, '0', '100'),
(1096, 108, 8, 11, 1, '0', '100'),
(1097, 109, 8, 11, 1, '0', '100'),
(1098, 110, 8, 11, 1, '0', '100'),
(1099, 111, 8, 11, 1, '0', '100'),
(1100, 112, 8, 11, 1, '0', '100'),
(1101, 113, 8, 11, 1, '0', '100'),
(1102, 114, 8, 11, 1, '25', '100'),
(1103, 115, 8, 11, 1, '50', '100'),
(1104, 116, 8, 11, 1, '25', '100'),
(1105, 117, 8, 11, 1, '50', '100'),
(1106, 118, 8, 11, 1, '0', '100'),
(1107, 119, 8, 11, 1, '0', '100'),
(1108, 120, 8, 11, 1, '0', '100'),
(1109, 121, 8, 11, 1, '0', '100'),
(1110, 122, 8, 11, 1, '0', '100'),
(1111, 12, 8, 12, 1, '25', '100'),
(1112, 13, 8, 12, 1, '50', '100'),
(1113, 14, 8, 12, 1, '50', '100'),
(1114, 15, 8, 12, 1, '0', '100'),
(1115, 16, 8, 12, 1, '50', '100'),
(1116, 17, 8, 12, 1, '25', '100'),
(1117, 18, 8, 12, 1, '50', '100'),
(1118, 19, 8, 12, 1, '25', '100'),
(1119, 20, 8, 12, 1, '25', '100'),
(1120, 21, 8, 12, 1, '50', '100'),
(1121, 22, 8, 12, 1, '50', '100'),
(1122, 23, 8, 12, 1, '50', '100'),
(1123, 24, 8, 12, 1, '50', '100'),
(1124, 25, 8, 12, 1, '50', '100'),
(1125, 26, 8, 12, 1, '0', '100'),
(1126, 27, 8, 12, 1, '25', '100'),
(1127, 28, 8, 12, 1, '0', '100'),
(1128, 29, 8, 12, 1, '25', '100'),
(1129, 30, 8, 12, 1, '25', '100'),
(1130, 31, 8, 12, 1, '0', '100'),
(1131, 32, 8, 12, 1, '0', '100'),
(1132, 33, 8, 12, 1, '25', '100'),
(1133, 34, 8, 12, 1, '0', '100'),
(1134, 35, 8, 12, 1, '25', '100'),
(1135, 36, 8, 12, 1, '0', '100'),
(1136, 37, 8, 12, 1, '50', '100'),
(1137, 38, 8, 12, 1, '25', '100'),
(1138, 39, 8, 12, 1, '25', '100'),
(1139, 40, 8, 12, 1, '50', '100'),
(1140, 41, 8, 12, 1, '50', '100'),
(1141, 42, 8, 12, 1, '25', '100'),
(1142, 43, 8, 12, 1, '50', '100'),
(1143, 44, 8, 12, 1, '25', '100'),
(1144, 45, 8, 12, 1, '0', '100'),
(1145, 46, 8, 12, 1, '25', '100'),
(1146, 47, 8, 12, 1, '0', '100'),
(1147, 48, 8, 12, 1, '25', '100'),
(1148, 49, 8, 12, 1, '25', '100'),
(1149, 50, 8, 12, 1, '50', '100'),
(1150, 51, 8, 12, 1, '50', '100'),
(1151, 52, 8, 12, 1, '0', '100'),
(1152, 53, 8, 12, 1, '0', '100'),
(1153, 54, 8, 12, 1, '0', '100'),
(1154, 55, 8, 12, 1, '25', '100'),
(1155, 56, 8, 12, 1, '0', '100'),
(1156, 57, 8, 12, 1, '0', '100'),
(1157, 58, 8, 12, 1, '50', '100'),
(1158, 59, 8, 12, 1, '50', '100'),
(1159, 60, 8, 12, 1, '25', '100'),
(1160, 61, 8, 12, 1, '50', '100'),
(1161, 62, 8, 12, 1, '50', '100'),
(1162, 63, 8, 12, 1, '0', '100'),
(1163, 64, 8, 12, 1, '0', '100'),
(1164, 65, 8, 12, 1, '0', '100'),
(1165, 66, 8, 12, 1, '0', '100'),
(1166, 67, 8, 12, 1, '0', '100'),
(1167, 68, 8, 12, 1, '0', '100'),
(1168, 69, 8, 12, 1, '25', '100'),
(1169, 70, 8, 12, 1, '25', '100'),
(1170, 71, 8, 12, 1, '25', '100'),
(1171, 72, 8, 12, 1, '25', '100'),
(1172, 73, 8, 12, 1, '25', '100'),
(1173, 74, 8, 12, 1, '50', '100'),
(1174, 75, 8, 12, 1, '25', '100'),
(1175, 76, 8, 12, 1, '50', '100'),
(1176, 77, 8, 12, 1, '0', '100'),
(1177, 78, 8, 12, 1, '50', '100'),
(1178, 79, 8, 12, 1, '0', '100'),
(1179, 80, 8, 12, 1, '25', '100'),
(1180, 81, 8, 12, 1, '0', '100'),
(1181, 82, 8, 12, 1, '0', '100'),
(1182, 83, 8, 12, 1, '0', '100'),
(1183, 84, 8, 12, 1, '0', '100'),
(1184, 85, 8, 12, 1, '0', '100'),
(1185, 86, 8, 12, 1, '0', '100'),
(1186, 87, 8, 12, 1, '0', '100'),
(1187, 88, 8, 12, 1, '0', '100'),
(1188, 89, 8, 12, 1, '0', '100'),
(1189, 90, 8, 12, 1, '0', '100'),
(1190, 91, 8, 12, 1, '0', '100'),
(1191, 92, 8, 12, 1, '0', '100'),
(1192, 93, 8, 12, 1, '0', '100'),
(1193, 94, 8, 12, 1, '0', '100'),
(1194, 95, 8, 12, 1, '0', '100'),
(1195, 96, 8, 12, 1, '0', '100'),
(1196, 97, 8, 12, 1, '0', '100'),
(1197, 98, 8, 12, 1, '0', '100'),
(1198, 99, 8, 12, 1, '0', '100'),
(1199, 100, 8, 12, 1, '0', '100'),
(1200, 101, 8, 12, 1, '0', '100'),
(1201, 102, 8, 12, 1, '0', '100'),
(1202, 103, 8, 12, 1, '0', '100'),
(1203, 104, 8, 12, 1, '25', '100'),
(1204, 105, 8, 12, 1, '25', '100'),
(1205, 106, 8, 12, 1, '0', '100'),
(1206, 107, 8, 12, 1, '0', '100'),
(1207, 108, 8, 12, 1, '0', '100'),
(1208, 109, 8, 12, 1, '0', '100'),
(1209, 110, 8, 12, 1, '0', '100'),
(1210, 111, 8, 12, 1, '0', '100'),
(1211, 112, 8, 12, 1, '0', '100'),
(1212, 113, 8, 12, 1, '25', '100'),
(1213, 114, 8, 12, 1, '50', '100'),
(1214, 115, 8, 12, 1, '50', '100'),
(1215, 116, 8, 12, 1, '0', '100'),
(1216, 117, 8, 12, 1, '0', '100'),
(1217, 118, 8, 12, 1, '0', '100'),
(1218, 119, 8, 12, 1, '0', '100'),
(1219, 120, 8, 12, 1, '0', '100'),
(1220, 121, 8, 12, 1, '0', '100'),
(1221, 122, 8, 12, 1, '0', '100'),
(1222, 12, 1, 13, 1, '50', '100'),
(1223, 12, 1, 14, 1, '25', '100'),
(1224, 12, 1, 15, 1, '25', '100'),
(1225, 12, 1, 16, 1, '50', '100'),
(1226, 12, 1, 17, 1, '75', '100'),
(1227, 12, 1, 18, 1, '25', '100'),
(1228, 12, 1, 19, 1, '75', '100'),
(1229, 12, 1, 20, 1, '25', '100'),
(1230, 13, 1, 13, 1, '50', '100'),
(1231, 13, 1, 14, 1, '50', '100'),
(1232, 13, 1, 15, 1, '25', '100'),
(1233, 13, 1, 16, 1, '50', '100'),
(1234, 13, 1, 17, 1, '25', '100'),
(1235, 13, 1, 18, 1, '50', '100'),
(1236, 13, 1, 19, 1, '50', '100'),
(1237, 13, 1, 20, 1, '75', '100'),
(1238, 14, 1, 13, 1, '50', '100'),
(1239, 14, 1, 14, 1, '25', '100'),
(1240, 14, 1, 15, 1, '50', '100'),
(1241, 14, 1, 16, 1, '75', '100'),
(1242, 14, 1, 17, 1, '25', '100'),
(1243, 14, 1, 18, 1, '75', '100'),
(1244, 14, 1, 19, 1, '50', '100'),
(1245, 14, 1, 20, 1, '50', '100'),
(1246, 15, 1, 13, 1, '0', '50'),
(1247, 15, 1, 14, 1, '25', '50'),
(1248, 15, 1, 15, 1, '50', '50'),
(1249, 15, 1, 16, 1, '50', '50'),
(1250, 15, 1, 17, 1, '25', '50'),
(1251, 15, 1, 18, 1, '25', '50'),
(1252, 15, 1, 19, 1, '25', '50'),
(1253, 15, 1, 20, 1, '25', '50'),
(1254, 16, 1, 13, 1, '50', '100'),
(1255, 16, 1, 14, 1, '75', '100'),
(1256, 16, 1, 15, 1, '75', '100'),
(1257, 16, 1, 16, 1, '25', '100'),
(1258, 16, 1, 17, 1, '50', '100'),
(1259, 16, 1, 18, 1, '50', '100'),
(1260, 16, 1, 19, 1, '25', '100'),
(1261, 16, 1, 20, 1, '50', '100'),
(1262, 17, 1, 13, 1, '25', '100'),
(1263, 17, 1, 14, 1, '75', '100'),
(1264, 17, 1, 15, 1, '50', '100'),
(1265, 17, 1, 16, 1, '25', '100'),
(1266, 17, 1, 17, 1, '25', '100'),
(1267, 17, 1, 18, 1, '50', '100'),
(1268, 17, 1, 19, 1, '25', '100'),
(1269, 17, 1, 20, 1, '25', '100'),
(1270, 18, 1, 13, 1, '50', '100'),
(1271, 18, 1, 14, 1, '25', '100'),
(1272, 18, 1, 15, 1, '50', '100'),
(1273, 18, 1, 16, 1, '75', '100'),
(1274, 18, 1, 17, 1, '25', '100'),
(1275, 18, 1, 18, 1, '75', '100'),
(1276, 18, 1, 19, 1, '50', '100'),
(1277, 18, 1, 20, 1, '50', '100'),
(1278, 19, 1, 13, 1, '25', '100'),
(1279, 19, 1, 14, 1, '50', '100'),
(1280, 19, 1, 15, 1, '50', '100'),
(1281, 19, 1, 16, 1, '50', '100'),
(1282, 19, 1, 17, 1, '25', '100'),
(1283, 19, 1, 18, 1, '50', '100'),
(1284, 19, 1, 19, 1, '50', '100'),
(1285, 19, 1, 20, 1, '25', '100'),
(1286, 20, 1, 13, 1, '25', '100'),
(1287, 20, 1, 14, 1, '75', '100'),
(1288, 20, 1, 15, 1, '100', '100'),
(1289, 20, 1, 16, 1, '75', '100'),
(1290, 20, 1, 17, 1, '50', '100'),
(1291, 20, 1, 18, 1, '50', '100'),
(1292, 20, 1, 19, 1, '25', '100'),
(1293, 20, 1, 20, 1, '50', '100'),
(1294, 21, 1, 13, 1, '50', '100'),
(1295, 21, 1, 14, 1, '75', '100'),
(1296, 21, 1, 15, 1, '75', '100'),
(1297, 21, 1, 16, 1, '100', '100'),
(1298, 21, 1, 17, 1, '25', '100'),
(1299, 21, 1, 18, 1, '50', '100'),
(1300, 21, 1, 19, 1, '50', '100'),
(1301, 21, 1, 20, 1, '75', '100'),
(1302, 22, 1, 13, 1, '75', '100'),
(1303, 22, 1, 14, 1, '50', '100'),
(1304, 22, 1, 15, 1, '50', '100'),
(1305, 22, 1, 16, 1, '75', '100'),
(1306, 22, 1, 17, 1, '75', '100'),
(1307, 22, 1, 18, 1, '25', '100'),
(1308, 22, 1, 19, 1, '50', '100'),
(1309, 22, 1, 20, 1, '75', '100'),
(1310, 23, 1, 13, 1, '50', '100'),
(1311, 23, 1, 14, 1, '25', '100'),
(1312, 23, 1, 15, 1, '50', '100'),
(1313, 23, 1, 16, 1, '50', '100'),
(1314, 23, 1, 17, 1, '75', '100'),
(1315, 23, 1, 18, 1, '75', '100'),
(1316, 23, 1, 19, 1, '50', '100'),
(1317, 23, 1, 20, 1, '75', '100'),
(1318, 24, 1, 13, 1, '75', '75'),
(1319, 24, 1, 14, 1, '50', '75'),
(1320, 24, 1, 15, 1, '75', '75'),
(1321, 24, 1, 16, 1, '50', '75'),
(1322, 24, 1, 17, 1, '50', '75'),
(1323, 24, 1, 18, 1, '75', '75'),
(1324, 24, 1, 19, 1, '75', '75'),
(1325, 24, 1, 20, 1, '50', '75'),
(1326, 25, 1, 13, 1, '50', '75'),
(1327, 25, 1, 14, 1, '50', '75'),
(1328, 25, 1, 15, 1, '50', '75'),
(1329, 25, 1, 16, 1, '50', '75'),
(1330, 25, 1, 17, 1, '50', '75'),
(1331, 25, 1, 18, 1, '75', '75'),
(1332, 25, 1, 19, 1, '100', '75'),
(1333, 25, 1, 20, 1, '50', '75'),
(1334, 26, 1, 13, 1, '25', '75'),
(1335, 26, 1, 14, 1, '25', '75'),
(1336, 26, 1, 15, 1, '75', '75'),
(1337, 26, 1, 16, 1, '0', '75'),
(1338, 26, 1, 17, 1, '25', '75'),
(1339, 26, 1, 18, 1, '0', '75'),
(1340, 26, 1, 19, 1, '50', '75'),
(1341, 26, 1, 20, 1, '50', '75'),
(1342, 27, 1, 13, 1, '25', '75'),
(1343, 27, 1, 14, 1, '25', '75'),
(1344, 27, 1, 15, 1, '50', '75'),
(1345, 27, 1, 16, 1, '50', '75'),
(1346, 27, 1, 17, 1, '0', '75'),
(1347, 27, 1, 18, 1, '25', '75'),
(1348, 27, 1, 19, 1, '25', '75'),
(1349, 27, 1, 20, 1, '25', '75'),
(1350, 28, 1, 13, 1, '25', '100'),
(1351, 28, 1, 14, 1, '25', '100'),
(1352, 28, 1, 15, 1, '25', '100'),
(1353, 28, 1, 16, 1, '25', '100'),
(1354, 28, 1, 17, 1, '0', '100'),
(1355, 28, 1, 18, 1, '0', '100'),
(1356, 28, 1, 19, 1, '0', '100'),
(1357, 28, 1, 20, 1, '0', '100'),
(1358, 29, 1, 13, 1, '25', '100'),
(1359, 29, 1, 14, 1, '50', '100'),
(1360, 29, 1, 15, 1, '25', '100'),
(1361, 29, 1, 16, 1, '50', '100'),
(1362, 29, 1, 17, 1, '25', '100'),
(1363, 29, 1, 18, 1, '50', '100'),
(1364, 29, 1, 19, 1, '0', '100'),
(1365, 29, 1, 20, 1, '25', '100'),
(1366, 30, 1, 13, 1, '25', '100'),
(1367, 30, 1, 14, 1, '50', '100'),
(1368, 30, 1, 15, 1, '0', '100'),
(1369, 30, 1, 16, 1, '50', '100'),
(1370, 30, 1, 17, 1, '50', '100'),
(1371, 30, 1, 18, 1, '50', '100'),
(1372, 30, 1, 19, 1, '0', '100'),
(1373, 30, 1, 20, 1, '25', '100'),
(1374, 31, 1, 13, 1, '0', '100'),
(1375, 31, 1, 14, 1, '75', '100'),
(1376, 31, 1, 15, 1, '0', '100'),
(1377, 31, 1, 16, 1, '75', '100'),
(1378, 31, 1, 17, 1, '50', '100'),
(1379, 31, 1, 18, 1, '25', '100'),
(1380, 31, 1, 19, 1, '0', '100'),
(1381, 31, 1, 20, 1, '25', '100'),
(1382, 32, 1, 13, 1, '0', '100'),
(1383, 32, 1, 14, 1, '25', '100'),
(1384, 32, 1, 15, 1, '0', '100'),
(1385, 32, 1, 16, 1, '50', '100'),
(1386, 32, 1, 17, 1, '25', '100'),
(1387, 32, 1, 18, 1, '50', '100'),
(1388, 32, 1, 19, 1, '25', '100'),
(1389, 32, 1, 20, 1, '25', '100'),
(1390, 33, 1, 13, 1, '25', '100'),
(1391, 33, 1, 14, 1, '25', '100'),
(1392, 33, 1, 15, 1, '25', '100'),
(1393, 33, 1, 16, 1, '25', '100'),
(1394, 33, 1, 17, 1, '25', '100'),
(1395, 33, 1, 18, 1, '25', '100'),
(1396, 33, 1, 19, 1, '50', '100'),
(1397, 33, 1, 20, 1, '0', '100'),
(1398, 34, 1, 13, 1, '0', '100'),
(1399, 34, 1, 14, 1, '25', '100'),
(1400, 34, 1, 15, 1, '25', '100'),
(1401, 34, 1, 16, 1, '25', '100'),
(1402, 34, 1, 17, 1, '25', '100'),
(1403, 34, 1, 18, 1, '25', '100'),
(1404, 34, 1, 19, 1, '50', '100'),
(1405, 34, 1, 20, 1, '0', '100'),
(1406, 35, 1, 13, 1, '25', '100'),
(1407, 35, 1, 14, 1, '25', '100'),
(1408, 35, 1, 15, 1, '50', '100'),
(1409, 35, 1, 16, 1, '50', '100'),
(1410, 35, 1, 17, 1, '25', '100'),
(1411, 35, 1, 18, 1, '25', '100'),
(1412, 35, 1, 19, 1, '50', '100'),
(1413, 35, 1, 20, 1, '50', '100'),
(1414, 36, 1, 13, 1, '0', '100'),
(1415, 36, 1, 14, 1, '25', '100'),
(1416, 36, 1, 15, 1, '0', '100'),
(1417, 36, 1, 16, 1, '25', '100'),
(1418, 36, 1, 17, 1, '50', '100'),
(1419, 36, 1, 18, 1, '50', '100'),
(1420, 36, 1, 19, 1, '25', '100'),
(1421, 36, 1, 20, 1, '0', '100'),
(1422, 37, 1, 13, 1, '50', '50'),
(1423, 37, 1, 14, 1, '50', '50'),
(1424, 37, 1, 15, 1, '50', '50'),
(1425, 37, 1, 16, 1, '50', '50'),
(1426, 37, 1, 17, 1, '25', '50'),
(1427, 37, 1, 18, 1, '50', '50'),
(1428, 37, 1, 19, 1, '50', '50'),
(1429, 37, 1, 20, 1, '25', '50'),
(1430, 38, 1, 13, 1, '25', '50'),
(1431, 38, 1, 14, 1, '25', '50'),
(1432, 38, 1, 15, 1, '25', '50'),
(1433, 38, 1, 16, 1, '25', '50'),
(1434, 38, 1, 17, 1, '50', '50'),
(1435, 38, 1, 18, 1, '50', '50'),
(1436, 38, 1, 19, 1, '25', '50'),
(1437, 38, 1, 20, 1, '25', '50'),
(1438, 39, 1, 13, 1, '25', '50'),
(1439, 39, 1, 14, 1, '25', '50'),
(1440, 39, 1, 15, 1, '25', '50'),
(1441, 39, 1, 16, 1, '50', '50'),
(1442, 39, 1, 17, 1, '50', '50'),
(1443, 39, 1, 18, 1, '25', '50'),
(1444, 39, 1, 19, 1, '50', '50'),
(1445, 39, 1, 20, 1, '25', '50'),
(1446, 40, 1, 13, 1, '25', '25'),
(1447, 40, 1, 14, 1, '25', '25'),
(1448, 40, 1, 15, 1, '25', '25'),
(1449, 40, 1, 16, 1, '50', '25'),
(1450, 40, 1, 17, 1, '75', '25'),
(1451, 40, 1, 18, 1, '50', '25'),
(1452, 40, 1, 19, 1, '25', '25'),
(1453, 40, 1, 20, 1, '25', '25'),
(1454, 41, 1, 13, 1, '25', '25'),
(1455, 41, 1, 14, 1, '25', '25'),
(1456, 41, 1, 15, 1, '50', '25'),
(1457, 41, 1, 16, 1, '0', '25'),
(1458, 41, 1, 17, 1, '50', '25'),
(1459, 41, 1, 18, 1, '50', '25'),
(1460, 41, 1, 19, 1, '75', '25'),
(1461, 41, 1, 20, 1, '50', '25'),
(1462, 42, 1, 13, 1, '25', '25'),
(1463, 42, 1, 14, 1, '25', '25'),
(1464, 42, 1, 15, 1, '25', '25'),
(1465, 42, 1, 16, 1, '25', '25'),
(1466, 42, 1, 17, 1, '0', '25'),
(1467, 42, 1, 18, 1, '25', '25'),
(1468, 42, 1, 19, 1, '25', '25'),
(1469, 42, 1, 20, 1, '50', '25'),
(1470, 43, 1, 13, 1, '75', '50'),
(1471, 43, 1, 14, 1, '50', '50'),
(1472, 43, 1, 15, 1, '25', '50'),
(1473, 43, 1, 16, 1, '75', '50'),
(1474, 43, 1, 17, 1, '25', '50'),
(1475, 43, 1, 18, 1, '50', '50'),
(1476, 43, 1, 19, 1, '50', '50'),
(1477, 43, 1, 20, 1, '50', '50'),
(1478, 44, 1, 13, 1, '25', '50'),
(1479, 44, 1, 14, 1, '25', '50'),
(1480, 44, 1, 15, 1, '50', '50'),
(1481, 44, 1, 16, 1, '25', '50'),
(1482, 44, 1, 17, 1, '25', '50'),
(1483, 44, 1, 18, 1, '25', '50'),
(1484, 44, 1, 19, 1, '50', '50'),
(1485, 44, 1, 20, 1, '25', '50'),
(1486, 45, 1, 13, 1, '0', '50'),
(1487, 45, 1, 14, 1, '25', '50'),
(1488, 45, 1, 15, 1, '50', '50'),
(1489, 45, 1, 16, 1, '75', '50'),
(1490, 45, 1, 17, 1, '25', '50'),
(1491, 45, 1, 18, 1, '25', '50'),
(1492, 45, 1, 19, 1, '25', '50'),
(1493, 45, 1, 20, 1, '25', '50'),
(1494, 46, 1, 13, 1, '25', '25'),
(1495, 46, 1, 14, 1, '25', '25'),
(1496, 46, 1, 15, 1, '0', '25'),
(1497, 46, 1, 16, 1, '50', '25'),
(1498, 46, 1, 17, 1, '25', '25'),
(1499, 46, 1, 18, 1, '50', '25'),
(1500, 46, 1, 19, 1, '0', '25'),
(1501, 46, 1, 20, 1, '0', '25'),
(1502, 47, 1, 13, 1, '0', '25'),
(1503, 47, 1, 14, 1, '50', '25'),
(1504, 47, 1, 15, 1, '0', '25'),
(1505, 47, 1, 16, 1, '25', '25'),
(1506, 47, 1, 17, 1, '25', '25'),
(1507, 47, 1, 18, 1, '25', '25'),
(1508, 47, 1, 19, 1, '0', '25'),
(1509, 47, 1, 20, 1, '0', '25'),
(1510, 48, 1, 13, 1, '25', '25'),
(1511, 48, 1, 14, 1, '25', '25'),
(1512, 48, 1, 15, 1, '50', '25'),
(1513, 48, 1, 16, 1, '75', '25'),
(1514, 48, 1, 17, 1, '25', '25'),
(1515, 48, 1, 18, 1, '25', '25'),
(1516, 48, 1, 19, 1, '25', '25'),
(1517, 48, 1, 20, 1, '25', '25'),
(1518, 49, 1, 13, 1, '25', '25'),
(1519, 49, 1, 14, 1, '50', '25'),
(1520, 49, 1, 15, 1, '75', '25'),
(1521, 49, 1, 16, 1, '100', '25'),
(1522, 49, 1, 17, 1, '50', '25'),
(1523, 49, 1, 18, 1, '100', '25'),
(1524, 49, 1, 19, 1, '50', '25'),
(1525, 49, 1, 20, 1, '25', '25'),
(1526, 50, 1, 13, 1, '50', '100'),
(1527, 50, 1, 14, 1, '50', '100'),
(1528, 50, 1, 15, 1, '75', '100'),
(1529, 50, 1, 16, 1, '75', '100'),
(1530, 50, 1, 17, 1, '75', '100'),
(1531, 50, 1, 18, 1, '50', '100'),
(1532, 50, 1, 19, 1, '50', '100'),
(1533, 50, 1, 20, 1, '25', '100'),
(1534, 51, 1, 13, 1, '50', '100'),
(1535, 51, 1, 14, 1, '50', '100'),
(1536, 51, 1, 15, 1, '75', '100'),
(1537, 51, 1, 16, 1, '75', '100'),
(1538, 51, 1, 17, 1, '75', '100'),
(1539, 51, 1, 18, 1, '25', '100'),
(1540, 51, 1, 19, 1, '25', '100'),
(1541, 51, 1, 20, 1, '25', '100'),
(1542, 52, 1, 13, 1, '0', '100'),
(1543, 52, 1, 14, 1, '25', '100'),
(1544, 52, 1, 15, 1, '0', '100'),
(1545, 52, 1, 16, 1, '50', '100'),
(1546, 52, 1, 17, 1, '25', '100'),
(1547, 52, 1, 18, 1, '0', '100'),
(1548, 52, 1, 19, 1, '0', '100'),
(1549, 52, 1, 20, 1, '0', '100'),
(1550, 53, 1, 13, 1, '0', '100'),
(1551, 53, 1, 14, 1, '25', '100'),
(1552, 53, 1, 15, 1, '0', '100'),
(1553, 53, 1, 16, 1, '50', '100'),
(1554, 53, 1, 17, 1, '25', '100'),
(1555, 53, 1, 18, 1, '0', '100'),
(1556, 53, 1, 19, 1, '0', '100'),
(1557, 53, 1, 20, 1, '0', '100'),
(1558, 54, 1, 13, 1, '0', '100'),
(1559, 54, 1, 14, 1, '0', '100'),
(1560, 54, 1, 15, 1, '50', '100'),
(1561, 54, 1, 16, 1, '0', '100'),
(1562, 54, 1, 17, 1, '50', '100'),
(1563, 54, 1, 18, 1, '25', '100'),
(1564, 54, 1, 19, 1, '0', '100'),
(1565, 54, 1, 20, 1, '0', '100'),
(1566, 55, 1, 13, 1, '25', '100'),
(1567, 55, 1, 14, 1, '25', '100'),
(1568, 55, 1, 15, 1, '25', '100'),
(1569, 55, 1, 16, 1, '25', '100'),
(1570, 55, 1, 17, 1, '50', '100'),
(1571, 55, 1, 18, 1, '75', '100'),
(1572, 55, 1, 19, 1, '25', '100'),
(1573, 55, 1, 20, 1, '25', '100'),
(1574, 56, 1, 13, 1, '25', '100'),
(1575, 56, 1, 14, 1, '25', '100'),
(1576, 56, 1, 15, 1, '25', '100'),
(1577, 56, 1, 16, 1, '0', '100'),
(1578, 56, 1, 17, 1, '25', '100'),
(1579, 56, 1, 18, 1, '0', '100'),
(1580, 56, 1, 19, 1, '50', '100'),
(1581, 56, 1, 20, 1, '0', '100'),
(1582, 57, 1, 13, 1, '0', '100'),
(1583, 57, 1, 14, 1, '25', '100'),
(1584, 57, 1, 15, 1, '25', '100'),
(1585, 57, 1, 16, 1, '0', '100'),
(1586, 57, 1, 17, 1, '0', '100'),
(1587, 57, 1, 18, 1, '25', '100'),
(1588, 57, 1, 19, 1, '0', '100'),
(1589, 57, 1, 20, 1, '25', '100'),
(1590, 58, 1, 13, 1, '50', '100'),
(1591, 58, 1, 14, 1, '25', '100'),
(1592, 58, 1, 15, 1, '25', '100'),
(1593, 58, 1, 16, 1, '25', '100'),
(1594, 58, 1, 17, 1, '25', '100'),
(1595, 58, 1, 18, 1, '50', '100'),
(1596, 58, 1, 19, 1, '50', '100'),
(1597, 58, 1, 20, 1, '50', '100'),
(1598, 59, 1, 13, 1, '75', '100'),
(1599, 59, 1, 14, 1, '50', '100'),
(1600, 59, 1, 15, 1, '25', '100'),
(1601, 59, 1, 16, 1, '50', '100'),
(1602, 59, 1, 17, 1, '50', '100'),
(1603, 59, 1, 18, 1, '25', '100'),
(1604, 59, 1, 19, 1, '50', '100'),
(1605, 59, 1, 20, 1, '50', '100'),
(1606, 60, 1, 13, 1, '50', '50'),
(1607, 60, 1, 14, 1, '50', '50'),
(1608, 60, 1, 15, 1, '50', '50'),
(1609, 60, 1, 16, 1, '50', '50'),
(1610, 60, 1, 17, 1, '25', '50'),
(1611, 60, 1, 18, 1, '25', '50'),
(1612, 60, 1, 19, 1, '25', '50'),
(1613, 60, 1, 20, 1, '25', '50'),
(1614, 61, 1, 13, 1, '50', '50'),
(1615, 61, 1, 14, 1, '25', '50'),
(1616, 61, 1, 15, 1, '50', '50'),
(1617, 61, 1, 16, 1, '50', '50'),
(1618, 61, 1, 17, 1, '50', '50'),
(1619, 61, 1, 18, 1, '25', '50'),
(1620, 61, 1, 19, 1, '25', '50'),
(1621, 61, 1, 20, 1, '25', '50'),
(1622, 62, 1, 13, 1, '50', '50'),
(1623, 62, 1, 14, 1, '75', '50'),
(1624, 62, 1, 15, 1, '50', '50'),
(1625, 62, 1, 16, 1, '50', '50'),
(1626, 62, 1, 17, 1, '50', '50'),
(1627, 62, 1, 18, 1, '0', '50'),
(1628, 62, 1, 19, 1, '0', '50'),
(1629, 62, 1, 20, 1, '50', '50'),
(1630, 63, 1, 13, 1, '0', '100'),
(1631, 63, 1, 14, 1, '25', '100'),
(1632, 63, 1, 15, 1, '0', '100'),
(1633, 63, 1, 16, 1, '25', '100'),
(1634, 63, 1, 17, 1, '25', '100'),
(1635, 63, 1, 18, 1, '25', '100'),
(1636, 63, 1, 19, 1, '0', '100'),
(1637, 63, 1, 20, 1, '25', '100'),
(1638, 64, 1, 13, 1, '0', '100'),
(1639, 64, 1, 14, 1, '25', '100'),
(1640, 64, 1, 15, 1, '0', '100'),
(1641, 64, 1, 16, 1, '0', '100'),
(1642, 64, 1, 17, 1, '0', '100'),
(1643, 64, 1, 18, 1, '0', '100'),
(1644, 64, 1, 19, 1, '0', '100'),
(1645, 64, 1, 20, 1, '0', '100'),
(1646, 65, 1, 13, 1, '0', '100'),
(1647, 65, 1, 14, 1, '25', '100'),
(1648, 65, 1, 15, 1, '0', '100'),
(1649, 65, 1, 16, 1, '25', '100'),
(1650, 65, 1, 17, 1, '0', '100'),
(1651, 65, 1, 18, 1, '25', '100'),
(1652, 65, 1, 19, 1, '0', '100'),
(1653, 65, 1, 20, 1, '0', '100'),
(1654, 66, 1, 13, 1, '0', '100'),
(1655, 66, 1, 14, 1, '0', '100'),
(1656, 66, 1, 15, 1, '0', '100'),
(1657, 66, 1, 16, 1, '0', '100'),
(1658, 66, 1, 17, 1, '25', '100'),
(1659, 66, 1, 18, 1, '25', '100'),
(1660, 66, 1, 19, 1, '0', '100'),
(1661, 66, 1, 20, 1, '0', '100'),
(1662, 67, 1, 13, 1, '0', '100'),
(1663, 67, 1, 14, 1, '25', '100'),
(1664, 67, 1, 15, 1, '0', '100'),
(1665, 67, 1, 16, 1, '25', '100'),
(1666, 67, 1, 17, 1, '50', '100'),
(1667, 67, 1, 18, 1, '25', '100'),
(1668, 67, 1, 19, 1, '0', '100'),
(1669, 67, 1, 20, 1, '0', '100'),
(1670, 68, 1, 13, 1, '0', '100'),
(1671, 68, 1, 14, 1, '25', '100'),
(1672, 68, 1, 15, 1, '0', '100'),
(1673, 68, 1, 16, 1, '25', '100'),
(1674, 68, 1, 17, 1, '25', '100'),
(1675, 68, 1, 18, 1, '25', '100'),
(1676, 68, 1, 19, 1, '0', '100'),
(1677, 68, 1, 20, 1, '0', '100'),
(1678, 69, 1, 13, 1, '25', '100'),
(1679, 69, 1, 14, 1, '25', '100'),
(1680, 69, 1, 15, 1, '25', '100'),
(1681, 69, 1, 16, 1, '50', '100'),
(1682, 69, 1, 17, 1, '25', '100'),
(1683, 69, 1, 18, 1, '25', '100'),
(1684, 69, 1, 19, 1, '25', '100'),
(1685, 69, 1, 20, 1, '0', '100'),
(1686, 70, 1, 13, 1, '0', '100'),
(1687, 70, 1, 14, 1, '25', '100'),
(1688, 70, 1, 15, 1, '25', '100'),
(1689, 70, 1, 16, 1, '25', '100'),
(1690, 70, 1, 17, 1, '50', '100'),
(1691, 70, 1, 18, 1, '50', '100'),
(1692, 70, 1, 19, 1, '25', '100'),
(1693, 70, 1, 20, 1, '50', '100'),
(1694, 71, 1, 13, 1, '25', '100'),
(1695, 71, 1, 14, 1, '25', '100'),
(1696, 71, 1, 15, 1, '25', '100'),
(1697, 71, 1, 16, 1, '25', '100'),
(1698, 71, 1, 17, 1, '25', '100'),
(1699, 71, 1, 18, 1, '75', '100'),
(1700, 71, 1, 19, 1, '50', '100'),
(1701, 71, 1, 20, 1, '25', '100'),
(1702, 72, 1, 13, 1, '50', '75'),
(1703, 72, 1, 14, 1, '25', '75'),
(1704, 72, 1, 15, 1, '50', '75'),
(1705, 72, 1, 16, 1, '25', '75'),
(1706, 72, 1, 17, 1, '25', '75'),
(1707, 72, 1, 18, 1, '25', '75'),
(1708, 72, 1, 19, 1, '25', '75'),
(1709, 72, 1, 20, 1, '50', '75'),
(1710, 73, 1, 13, 1, '25', '75'),
(1711, 73, 1, 14, 1, '25', '75'),
(1712, 73, 1, 15, 1, '25', '75'),
(1713, 73, 1, 16, 1, '50', '75'),
(1714, 73, 1, 17, 1, '25', '75'),
(1715, 73, 1, 18, 1, '25', '75'),
(1716, 73, 1, 19, 1, '25', '75'),
(1717, 73, 1, 20, 1, '25', '75'),
(1718, 74, 1, 13, 1, '75', '75'),
(1719, 74, 1, 14, 1, '50', '75'),
(1720, 74, 1, 15, 1, '50', '75'),
(1721, 74, 1, 16, 1, '50', '75'),
(1722, 74, 1, 17, 1, '25', '75'),
(1723, 74, 1, 18, 1, '50', '75'),
(1724, 74, 1, 19, 1, '50', '75'),
(1725, 74, 1, 20, 1, '75', '75'),
(1726, 75, 1, 13, 1, '50', '75'),
(1727, 75, 1, 14, 1, '75', '75'),
(1728, 75, 1, 15, 1, '25', '75'),
(1729, 75, 1, 16, 1, '50', '75'),
(1730, 75, 1, 17, 1, '25', '75'),
(1731, 75, 1, 18, 1, '25', '75'),
(1732, 75, 1, 19, 1, '25', '75'),
(1733, 75, 1, 20, 1, '50', '75'),
(1734, 76, 1, 13, 1, '50', '75'),
(1735, 76, 1, 14, 1, '0', '75'),
(1736, 76, 1, 15, 1, '75', '75'),
(1737, 76, 1, 16, 1, '50', '75'),
(1738, 76, 1, 17, 1, '25', '75'),
(1739, 76, 1, 18, 1, '25', '75'),
(1740, 76, 1, 19, 1, '25', '75'),
(1741, 76, 1, 20, 1, '50', '75'),
(1742, 77, 1, 13, 1, '0', '75'),
(1743, 77, 1, 14, 1, '50', '75'),
(1744, 77, 1, 15, 1, '0', '75'),
(1745, 77, 1, 16, 1, '75', '75'),
(1746, 77, 1, 17, 1, '25', '75'),
(1747, 77, 1, 18, 1, '25', '75'),
(1748, 77, 1, 19, 1, '75', '75'),
(1749, 77, 1, 20, 1, '25', '75'),
(1750, 78, 1, 13, 1, '75', '50'),
(1751, 78, 1, 14, 1, '75', '50'),
(1752, 78, 1, 15, 1, '75', '50'),
(1753, 78, 1, 16, 1, '75', '50'),
(1754, 78, 1, 17, 1, '75', '50'),
(1755, 78, 1, 18, 1, '75', '50'),
(1756, 78, 1, 19, 1, '25', '50'),
(1757, 78, 1, 20, 1, '25', '50'),
(1758, 79, 1, 13, 1, '0', '50'),
(1759, 79, 1, 14, 1, '25', '50'),
(1760, 79, 1, 15, 1, '25', '50'),
(1761, 79, 1, 16, 1, '75', '50'),
(1762, 79, 1, 17, 1, '25', '50'),
(1763, 79, 1, 18, 1, '25', '50'),
(1764, 79, 1, 19, 1, '0', '50'),
(1765, 79, 1, 20, 1, '0', '50'),
(1766, 80, 1, 13, 1, '25', '50'),
(1767, 80, 1, 14, 1, '25', '50'),
(1768, 80, 1, 15, 1, '75', '50'),
(1769, 80, 1, 16, 1, '25', '50'),
(1770, 80, 1, 17, 1, '25', '50'),
(1771, 80, 1, 18, 1, '25', '50'),
(1772, 80, 1, 19, 1, '25', '50'),
(1773, 80, 1, 20, 1, '25', '50'),
(1774, 81, 1, 13, 1, '0', '50'),
(1775, 81, 1, 14, 1, '0', '50'),
(1776, 81, 1, 15, 1, '25', '50'),
(1777, 81, 1, 16, 1, '25', '50'),
(1778, 81, 1, 17, 1, '0', '50'),
(1779, 81, 1, 18, 1, '25', '50'),
(1780, 81, 1, 19, 1, '0', '50'),
(1781, 81, 1, 20, 1, '0', '50'),
(1782, 82, 1, 13, 1, '0', '50'),
(1783, 82, 1, 14, 1, '0', '50'),
(1784, 82, 1, 15, 1, '25', '50'),
(1785, 82, 1, 16, 1, '25', '50'),
(1786, 82, 1, 17, 1, '0', '50'),
(1787, 82, 1, 18, 1, '25', '50'),
(1788, 82, 1, 19, 1, '0', '50'),
(1789, 82, 1, 20, 1, '0', '50'),
(1790, 83, 1, 13, 1, '0', '50'),
(1791, 83, 1, 14, 1, '0', '50'),
(1792, 83, 1, 15, 1, '75', '50'),
(1793, 83, 1, 16, 1, '75', '50'),
(1794, 83, 1, 17, 1, '0', '50'),
(1795, 83, 1, 18, 1, '75', '50'),
(1796, 83, 1, 19, 1, '0', '50'),
(1797, 83, 1, 20, 1, '0', '50'),
(1798, 84, 1, 13, 1, '0', '50'),
(1799, 84, 1, 14, 1, '0', '50'),
(1800, 84, 1, 15, 1, '75', '50'),
(1801, 84, 1, 16, 1, '75', '50'),
(1802, 84, 1, 17, 1, '0', '50'),
(1803, 84, 1, 18, 1, '25', '50'),
(1804, 84, 1, 19, 1, '0', '50'),
(1805, 84, 1, 20, 1, '0', '50'),
(1806, 85, 1, 13, 1, '0', '50'),
(1807, 85, 1, 14, 1, '0', '50'),
(1808, 85, 1, 15, 1, '75', '50'),
(1809, 85, 1, 16, 1, '75', '50'),
(1810, 85, 1, 17, 1, '0', '50'),
(1811, 85, 1, 18, 1, '75', '50'),
(1812, 85, 1, 19, 1, '0', '50'),
(1813, 85, 1, 20, 1, '0', '50'),
(1814, 86, 1, 13, 1, '25', '75'),
(1815, 86, 1, 14, 1, '0', '75'),
(1816, 86, 1, 15, 1, '0', '75'),
(1817, 86, 1, 16, 1, '25', '75'),
(1818, 86, 1, 17, 1, '25', '75'),
(1819, 86, 1, 18, 1, '0', '75'),
(1820, 86, 1, 19, 1, '25', '75'),
(1821, 86, 1, 20, 1, '0', '75'),
(1822, 87, 1, 13, 1, '0', '75'),
(1823, 87, 1, 14, 1, '0', '75'),
(1824, 87, 1, 15, 1, '0', '75'),
(1825, 87, 1, 16, 1, '75', '75'),
(1826, 87, 1, 17, 1, '25', '75'),
(1827, 87, 1, 18, 1, '25', '75'),
(1828, 87, 1, 19, 1, '25', '75'),
(1829, 87, 1, 20, 1, '25', '75'),
(1830, 88, 1, 13, 1, '25', '75'),
(1831, 88, 1, 14, 1, '0', '75'),
(1832, 88, 1, 15, 1, '0', '75'),
(1833, 88, 1, 16, 1, '0', '75'),
(1834, 88, 1, 17, 1, '75', '75'),
(1835, 88, 1, 18, 1, '75', '75'),
(1836, 88, 1, 19, 1, '75', '75'),
(1837, 88, 1, 20, 1, '25', '75'),
(1838, 89, 1, 13, 1, '25', '75'),
(1839, 89, 1, 14, 1, '75', '75'),
(1840, 89, 1, 15, 1, '0', '75'),
(1841, 89, 1, 16, 1, '0', '75'),
(1842, 89, 1, 17, 1, '0', '75'),
(1843, 89, 1, 18, 1, '75', '75'),
(1844, 89, 1, 19, 1, '75', '75'),
(1845, 89, 1, 20, 1, '75', '75'),
(1846, 90, 1, 13, 1, '25', '75'),
(1847, 90, 1, 14, 1, '0', '75'),
(1848, 90, 1, 15, 1, '25', '75'),
(1849, 90, 1, 16, 1, '0', '75'),
(1850, 90, 1, 17, 1, '0', '75'),
(1851, 90, 1, 18, 1, '0', '75'),
(1852, 90, 1, 19, 1, '25', '75'),
(1853, 90, 1, 20, 1, '75', '75'),
(1854, 91, 1, 13, 1, '75', '75'),
(1855, 91, 1, 14, 1, '75', '75'),
(1856, 91, 1, 15, 1, '0', '75'),
(1857, 91, 1, 16, 1, '75', '75'),
(1858, 91, 1, 17, 1, '0', '75'),
(1859, 91, 1, 18, 1, '0', '75'),
(1860, 91, 1, 19, 1, '0', '75'),
(1861, 91, 1, 20, 1, '75', '75'),
(1862, 92, 1, 13, 1, '25', '100'),
(1863, 92, 1, 14, 1, '25', '100'),
(1864, 92, 1, 15, 1, '50', '100'),
(1865, 92, 1, 16, 1, '0', '100'),
(1866, 92, 1, 17, 1, '50', '100'),
(1867, 92, 1, 18, 1, '25', '100'),
(1868, 92, 1, 19, 1, '25', '100'),
(1869, 92, 1, 20, 1, '0', '100'),
(1870, 93, 1, 13, 1, '0', '100'),
(1871, 93, 1, 14, 1, '25', '100'),
(1872, 93, 1, 15, 1, '0', '100'),
(1873, 93, 1, 16, 1, '25', '100'),
(1874, 93, 1, 17, 1, '0', '100'),
(1875, 93, 1, 18, 1, '25', '100'),
(1876, 93, 1, 19, 1, '0', '100'),
(1877, 93, 1, 20, 1, '0', '100'),
(1878, 94, 1, 13, 1, '0', '100'),
(1879, 94, 1, 14, 1, '25', '100'),
(1880, 94, 1, 15, 1, '0', '100'),
(1881, 94, 1, 16, 1, '75', '100'),
(1882, 94, 1, 17, 1, '0', '100'),
(1883, 94, 1, 18, 1, '25', '100'),
(1884, 94, 1, 19, 1, '0', '100'),
(1885, 94, 1, 20, 1, '0', '100'),
(1886, 95, 1, 13, 1, '0', '100'),
(1887, 95, 1, 14, 1, '50', '100'),
(1888, 95, 1, 15, 1, '0', '100'),
(1889, 95, 1, 16, 1, '50', '100'),
(1890, 95, 1, 17, 1, '0', '100'),
(1891, 95, 1, 18, 1, '25', '100'),
(1892, 95, 1, 19, 1, '0', '100'),
(1893, 95, 1, 20, 1, '0', '100'),
(1894, 96, 1, 13, 1, '0', '100'),
(1895, 96, 1, 14, 1, '0', '100'),
(1896, 96, 1, 15, 1, '25', '100'),
(1897, 96, 1, 16, 1, '0', '100');
INSERT INTO `encuesta_calculo` (`idencuesta_calculo`, `pregunta_idpregunta`, `periodo_idperiodo`, `encuesta_idencuesta`, `usuario_idusuario`, `resultado`, `evidencia`) VALUES
(1898, 96, 1, 17, 1, '0', '100'),
(1899, 96, 1, 18, 1, '0', '100'),
(1900, 96, 1, 19, 1, '0', '100'),
(1901, 96, 1, 20, 1, '0', '100'),
(1902, 97, 1, 13, 1, '0', '100'),
(1903, 97, 1, 14, 1, '0', '100'),
(1904, 97, 1, 15, 1, '50', '100'),
(1905, 97, 1, 16, 1, '0', '100'),
(1906, 97, 1, 17, 1, '0', '100'),
(1907, 97, 1, 18, 1, '0', '100'),
(1908, 97, 1, 19, 1, '0', '100'),
(1909, 97, 1, 20, 1, '0', '100'),
(1910, 98, 1, 13, 1, '0', '100'),
(1911, 98, 1, 14, 1, '0', '100'),
(1912, 98, 1, 15, 1, '25', '100'),
(1913, 98, 1, 16, 1, '0', '100'),
(1914, 98, 1, 17, 1, '0', '100'),
(1915, 98, 1, 18, 1, '0', '100'),
(1916, 98, 1, 19, 1, '0', '100'),
(1917, 98, 1, 20, 1, '0', '100'),
(1918, 99, 1, 13, 1, '0', '100'),
(1919, 99, 1, 14, 1, '0', '100'),
(1920, 99, 1, 15, 1, '50', '100'),
(1921, 99, 1, 16, 1, '50', '100'),
(1922, 99, 1, 17, 1, '0', '100'),
(1923, 99, 1, 18, 1, '0', '100'),
(1924, 99, 1, 19, 1, '0', '100'),
(1925, 99, 1, 20, 1, '0', '100'),
(1926, 100, 1, 13, 1, '0', '100'),
(1927, 100, 1, 14, 1, '0', '100'),
(1928, 100, 1, 15, 1, '25', '100'),
(1929, 100, 1, 16, 1, '75', '100'),
(1930, 100, 1, 17, 1, '0', '100'),
(1931, 100, 1, 18, 1, '0', '100'),
(1932, 100, 1, 19, 1, '0', '100'),
(1933, 100, 1, 20, 1, '0', '100'),
(1934, 101, 1, 13, 1, '0', '100'),
(1935, 101, 1, 14, 1, '0', '100'),
(1936, 101, 1, 15, 1, '75', '100'),
(1937, 101, 1, 16, 1, '50', '100'),
(1938, 101, 1, 17, 1, '0', '100'),
(1939, 101, 1, 18, 1, '0', '100'),
(1940, 101, 1, 19, 1, '0', '100'),
(1941, 101, 1, 20, 1, '0', '100'),
(1942, 102, 1, 13, 1, '0', '100'),
(1943, 102, 1, 14, 1, '0', '100'),
(1944, 102, 1, 15, 1, '0', '100'),
(1945, 102, 1, 16, 1, '25', '100'),
(1946, 102, 1, 17, 1, '0', '100'),
(1947, 102, 1, 18, 1, '0', '100'),
(1948, 102, 1, 19, 1, '0', '100'),
(1949, 102, 1, 20, 1, '0', '100'),
(1950, 103, 1, 13, 1, '0', '100'),
(1951, 103, 1, 14, 1, '0', '100'),
(1952, 103, 1, 15, 1, '0', '100'),
(1953, 103, 1, 16, 1, '0', '100'),
(1954, 103, 1, 17, 1, '50', '100'),
(1955, 103, 1, 18, 1, '0', '100'),
(1956, 103, 1, 19, 1, '0', '100'),
(1957, 103, 1, 20, 1, '0', '100'),
(1958, 104, 1, 13, 1, '0', '50'),
(1959, 104, 1, 14, 1, '0', '50'),
(1960, 104, 1, 15, 1, '25', '50'),
(1961, 104, 1, 16, 1, '25', '50'),
(1962, 104, 1, 17, 1, '25', '50'),
(1963, 104, 1, 18, 1, '25', '50'),
(1964, 104, 1, 19, 1, '50', '50'),
(1965, 104, 1, 20, 1, '50', '50'),
(1966, 105, 1, 13, 1, '50', '50'),
(1967, 105, 1, 14, 1, '0', '50'),
(1968, 105, 1, 15, 1, '0', '50'),
(1969, 105, 1, 16, 1, '0', '50'),
(1970, 105, 1, 17, 1, '25', '50'),
(1971, 105, 1, 18, 1, '50', '50'),
(1972, 105, 1, 19, 1, '50', '50'),
(1973, 105, 1, 20, 1, '50', '50'),
(1974, 106, 1, 13, 1, '75', '50'),
(1975, 106, 1, 14, 1, '25', '50'),
(1976, 106, 1, 15, 1, '0', '50'),
(1977, 106, 1, 16, 1, '0', '50'),
(1978, 106, 1, 17, 1, '0', '50'),
(1979, 106, 1, 18, 1, '0', '50'),
(1980, 106, 1, 19, 1, '50', '50'),
(1981, 106, 1, 20, 1, '25', '50'),
(1982, 107, 1, 13, 1, '0', '50'),
(1983, 107, 1, 14, 1, '50', '50'),
(1984, 107, 1, 15, 1, '50', '50'),
(1985, 107, 1, 16, 1, '0', '50'),
(1986, 107, 1, 17, 1, '0', '50'),
(1987, 107, 1, 18, 1, '0', '50'),
(1988, 107, 1, 19, 1, '0', '50'),
(1989, 107, 1, 20, 1, '0', '50'),
(1990, 108, 1, 13, 1, '0', '50'),
(1991, 108, 1, 14, 1, '0', '50'),
(1992, 108, 1, 15, 1, '50', '50'),
(1993, 108, 1, 16, 1, '25', '50'),
(1994, 108, 1, 17, 1, '0', '50'),
(1995, 108, 1, 18, 1, '0', '50'),
(1996, 108, 1, 19, 1, '0', '50'),
(1997, 108, 1, 20, 1, '0', '50'),
(1998, 109, 1, 13, 1, '0', '50'),
(1999, 109, 1, 14, 1, '0', '50'),
(2000, 109, 1, 15, 1, '0', '50'),
(2001, 109, 1, 16, 1, '50', '50'),
(2002, 109, 1, 17, 1, '50', '50'),
(2003, 109, 1, 18, 1, '0', '50'),
(2004, 109, 1, 19, 1, '0', '50'),
(2005, 109, 1, 20, 1, '0', '50'),
(2006, 110, 1, 13, 1, '0', '50'),
(2007, 110, 1, 14, 1, '0', '50'),
(2008, 110, 1, 15, 1, '0', '50'),
(2009, 110, 1, 16, 1, '75', '50'),
(2010, 110, 1, 17, 1, '25', '50'),
(2011, 110, 1, 18, 1, '0', '50'),
(2012, 110, 1, 19, 1, '0', '50'),
(2013, 110, 1, 20, 1, '0', '50'),
(2014, 111, 1, 13, 1, '0', '50'),
(2015, 111, 1, 14, 1, '0', '50'),
(2016, 111, 1, 15, 1, '0', '50'),
(2017, 111, 1, 16, 1, '50', '50'),
(2018, 111, 1, 17, 1, '50', '50'),
(2019, 111, 1, 18, 1, '0', '50'),
(2020, 111, 1, 19, 1, '0', '50'),
(2021, 111, 1, 20, 1, '0', '50'),
(2022, 112, 1, 13, 1, '0', '50'),
(2023, 112, 1, 14, 1, '0', '50'),
(2024, 112, 1, 15, 1, '0', '50'),
(2025, 112, 1, 16, 1, '75', '50'),
(2026, 112, 1, 17, 1, '50', '50'),
(2027, 112, 1, 18, 1, '0', '50'),
(2028, 112, 1, 19, 1, '0', '50'),
(2029, 112, 1, 20, 1, '0', '50'),
(2030, 113, 1, 13, 1, '25', '50'),
(2031, 113, 1, 14, 1, '0', '50'),
(2032, 113, 1, 15, 1, '75', '50'),
(2033, 113, 1, 16, 1, '75', '50'),
(2034, 113, 1, 17, 1, '25', '50'),
(2035, 113, 1, 18, 1, '75', '50'),
(2036, 113, 1, 19, 1, '25', '50'),
(2037, 113, 1, 20, 1, '25', '50'),
(2038, 114, 1, 13, 1, '75', '50'),
(2039, 114, 1, 14, 1, '25', '50'),
(2040, 114, 1, 15, 1, '75', '50'),
(2041, 114, 1, 16, 1, '75', '50'),
(2042, 114, 1, 17, 1, '75', '50'),
(2043, 114, 1, 18, 1, '75', '50'),
(2044, 114, 1, 19, 1, '75', '50'),
(2045, 114, 1, 20, 1, '25', '50'),
(2046, 115, 1, 13, 1, '75', '50'),
(2047, 115, 1, 14, 1, '75', '50'),
(2048, 115, 1, 15, 1, '25', '50'),
(2049, 115, 1, 16, 1, '75', '50'),
(2050, 115, 1, 17, 1, '75', '50'),
(2051, 115, 1, 18, 1, '75', '50'),
(2052, 115, 1, 19, 1, '75', '50'),
(2053, 115, 1, 20, 1, '75', '50'),
(2054, 116, 1, 13, 1, '0', '50'),
(2055, 116, 1, 14, 1, '25', '50'),
(2056, 116, 1, 15, 1, '25', '50'),
(2057, 116, 1, 16, 1, '0', '50'),
(2058, 116, 1, 17, 1, '25', '50'),
(2059, 116, 1, 18, 1, '0', '50'),
(2060, 116, 1, 19, 1, '0', '50'),
(2061, 116, 1, 20, 1, '25', '50'),
(2062, 117, 1, 13, 1, '0', '50'),
(2063, 117, 1, 14, 1, '75', '50'),
(2064, 117, 1, 15, 1, '25', '50'),
(2065, 117, 1, 16, 1, '0', '50'),
(2066, 117, 1, 17, 1, '75', '50'),
(2067, 117, 1, 18, 1, '0', '50'),
(2068, 117, 1, 19, 1, '0', '50'),
(2069, 117, 1, 20, 1, '75', '50'),
(2070, 118, 1, 13, 1, '0', '100'),
(2071, 118, 1, 14, 1, '0', '100'),
(2072, 118, 1, 15, 1, '0', '100'),
(2073, 118, 1, 16, 1, '0', '100'),
(2074, 118, 1, 17, 1, '0', '100'),
(2075, 118, 1, 18, 1, '0', '100'),
(2076, 118, 1, 19, 1, '25', '100'),
(2077, 118, 1, 20, 1, '0', '100'),
(2078, 119, 1, 13, 1, '0', '100'),
(2079, 119, 1, 14, 1, '0', '100'),
(2080, 119, 1, 15, 1, '0', '100'),
(2081, 119, 1, 16, 1, '0', '100'),
(2082, 119, 1, 17, 1, '0', '100'),
(2083, 119, 1, 18, 1, '0', '100'),
(2084, 119, 1, 19, 1, '0', '100'),
(2085, 119, 1, 20, 1, '75', '100'),
(2086, 120, 1, 13, 1, '75', '100'),
(2087, 120, 1, 14, 1, '0', '100'),
(2088, 120, 1, 15, 1, '0', '100'),
(2089, 120, 1, 16, 1, '0', '100'),
(2090, 120, 1, 17, 1, '0', '100'),
(2091, 120, 1, 18, 1, '0', '100'),
(2092, 120, 1, 19, 1, '0', '100'),
(2093, 120, 1, 20, 1, '0', '100'),
(2094, 121, 1, 13, 1, '0', '100'),
(2095, 121, 1, 14, 1, '25', '100'),
(2096, 121, 1, 15, 1, '0', '100'),
(2097, 121, 1, 16, 1, '0', '100'),
(2098, 121, 1, 17, 1, '0', '100'),
(2099, 121, 1, 18, 1, '0', '100'),
(2100, 121, 1, 19, 1, '0', '100'),
(2101, 121, 1, 20, 1, '0', '100'),
(2102, 122, 1, 13, 1, '0', '100'),
(2103, 122, 1, 14, 1, '0', '100'),
(2104, 122, 1, 15, 1, '0', '100'),
(2105, 122, 1, 16, 1, '0', '100'),
(2106, 122, 1, 17, 1, '0', '100'),
(2107, 122, 1, 18, 1, '0', '100'),
(2108, 122, 1, 19, 1, '0', '100'),
(2109, 122, 1, 20, 1, '0', '100'),
(2110, 12, 3, 21, 1, '75', '100'),
(2111, 12, 3, 22, 1, '75', '100'),
(2112, 12, 3, 23, 1, '0', '100'),
(2113, 12, 3, 24, 1, '75', '100'),
(2114, 12, 3, 25, 1, '75', '100'),
(2115, 12, 3, 26, 1, '25', '100'),
(2116, 12, 3, 27, 1, '100', '100'),
(2117, 12, 3, 28, 1, '0', '100'),
(2118, 13, 3, 21, 1, '75', '100'),
(2119, 13, 3, 22, 1, '75', '100'),
(2120, 13, 3, 23, 1, '0', '100'),
(2121, 13, 3, 24, 1, '75', '100'),
(2122, 13, 3, 25, 1, '75', '100'),
(2123, 13, 3, 26, 1, '50', '100'),
(2124, 13, 3, 27, 1, '100', '100'),
(2125, 13, 3, 28, 1, '0', '100'),
(2126, 14, 3, 21, 1, '0', '100'),
(2127, 14, 3, 22, 1, '75', '100'),
(2128, 14, 3, 23, 1, '50', '100'),
(2129, 14, 3, 24, 1, '0', '100'),
(2130, 14, 3, 25, 1, '50', '100'),
(2131, 14, 3, 26, 1, '75', '100'),
(2132, 14, 3, 27, 1, '75', '100'),
(2133, 14, 3, 28, 1, '100', '100'),
(2134, 15, 3, 21, 1, '100', '50'),
(2135, 15, 3, 22, 1, '0', '50'),
(2136, 15, 3, 23, 1, '75', '50'),
(2137, 15, 3, 24, 1, '50', '50'),
(2138, 15, 3, 25, 1, '0', '50'),
(2139, 15, 3, 26, 1, '50', '50'),
(2140, 15, 3, 27, 1, '50', '50'),
(2141, 15, 3, 28, 1, '75', '50'),
(2142, 16, 3, 21, 1, '100', '100'),
(2143, 16, 3, 22, 1, '0', '100'),
(2144, 16, 3, 23, 1, '50', '100'),
(2145, 16, 3, 24, 1, '100', '100'),
(2146, 16, 3, 25, 1, '0', '100'),
(2147, 16, 3, 26, 1, '50', '100'),
(2148, 16, 3, 27, 1, '50', '100'),
(2149, 16, 3, 28, 1, '75', '100'),
(2150, 17, 3, 21, 1, '50', '100'),
(2151, 17, 3, 22, 1, '100', '100'),
(2152, 17, 3, 23, 1, '0', '100'),
(2153, 17, 3, 24, 1, '100', '100'),
(2154, 17, 3, 25, 1, '75', '100'),
(2155, 17, 3, 26, 1, '0', '100'),
(2156, 17, 3, 27, 1, '50', '100'),
(2157, 17, 3, 28, 1, '75', '100'),
(2158, 18, 3, 21, 1, '50', '100'),
(2159, 18, 3, 22, 1, '100', '100'),
(2160, 18, 3, 23, 1, '0', '100'),
(2161, 18, 3, 24, 1, '50', '100'),
(2162, 18, 3, 25, 1, '100', '100'),
(2163, 18, 3, 26, 1, '0', '100'),
(2164, 18, 3, 27, 1, '75', '100'),
(2165, 18, 3, 28, 1, '25', '100'),
(2166, 19, 3, 21, 1, '50', '100'),
(2167, 19, 3, 22, 1, '50', '100'),
(2168, 19, 3, 23, 1, '50', '100'),
(2169, 19, 3, 24, 1, '100', '100'),
(2170, 19, 3, 25, 1, '0', '100'),
(2171, 19, 3, 26, 1, '75', '100'),
(2172, 19, 3, 27, 1, '100', '100'),
(2173, 19, 3, 28, 1, '0', '100'),
(2174, 20, 3, 21, 1, '50', '100'),
(2175, 20, 3, 22, 1, '75', '100'),
(2176, 20, 3, 23, 1, '75', '100'),
(2177, 20, 3, 24, 1, '100', '100'),
(2178, 20, 3, 25, 1, '0', '100'),
(2179, 20, 3, 26, 1, '50', '100'),
(2180, 20, 3, 27, 1, '100', '100'),
(2181, 20, 3, 28, 1, '0', '100'),
(2182, 21, 3, 21, 1, '50', '100'),
(2183, 21, 3, 22, 1, '0', '100'),
(2184, 21, 3, 23, 1, '50', '100'),
(2185, 21, 3, 24, 1, '75', '100'),
(2186, 21, 3, 25, 1, '75', '100'),
(2187, 21, 3, 26, 1, '100', '100'),
(2188, 21, 3, 27, 1, '0', '100'),
(2189, 21, 3, 28, 1, '75', '100'),
(2190, 22, 3, 21, 1, '100', '100'),
(2191, 22, 3, 22, 1, '0', '100'),
(2192, 22, 3, 23, 1, '25', '100'),
(2193, 22, 3, 24, 1, '50', '100'),
(2194, 22, 3, 25, 1, '75', '100'),
(2195, 22, 3, 26, 1, '100', '100'),
(2196, 22, 3, 27, 1, '0', '100'),
(2197, 22, 3, 28, 1, '75', '100'),
(2198, 23, 3, 21, 1, '50', '100'),
(2199, 23, 3, 22, 1, '25', '100'),
(2200, 23, 3, 23, 1, '0', '100'),
(2201, 23, 3, 24, 1, '50', '100'),
(2202, 23, 3, 25, 1, '50', '100'),
(2203, 23, 3, 26, 1, '50', '100'),
(2204, 23, 3, 27, 1, '100', '100'),
(2205, 23, 3, 28, 1, '0', '100'),
(2206, 24, 3, 21, 1, '50', '75'),
(2207, 24, 3, 22, 1, '75', '75'),
(2208, 24, 3, 23, 1, '0', '75'),
(2209, 24, 3, 24, 1, '75', '75'),
(2210, 24, 3, 25, 1, '50', '75'),
(2211, 24, 3, 26, 1, '50', '75'),
(2212, 24, 3, 27, 1, '100', '75'),
(2213, 24, 3, 28, 1, '0', '75'),
(2214, 25, 3, 21, 1, '100', '75'),
(2215, 25, 3, 22, 1, '0', '75'),
(2216, 25, 3, 23, 1, '50', '75'),
(2217, 25, 3, 24, 1, '75', '75'),
(2218, 25, 3, 25, 1, '0', '75'),
(2219, 25, 3, 26, 1, '50', '75'),
(2220, 25, 3, 27, 1, '75', '75'),
(2221, 25, 3, 28, 1, '50', '75'),
(2222, 26, 3, 21, 1, '100', '75'),
(2223, 26, 3, 22, 1, '0', '75'),
(2224, 26, 3, 23, 1, '50', '75'),
(2225, 26, 3, 24, 1, '0', '75'),
(2226, 26, 3, 25, 1, '0', '75'),
(2227, 26, 3, 26, 1, '25', '75'),
(2228, 26, 3, 27, 1, '50', '75'),
(2229, 26, 3, 28, 1, '25', '75'),
(2230, 27, 3, 21, 1, '75', '75'),
(2231, 27, 3, 22, 1, '100', '75'),
(2232, 27, 3, 23, 1, '0', '75'),
(2233, 27, 3, 24, 1, '50', '75'),
(2234, 27, 3, 25, 1, '75', '75'),
(2235, 27, 3, 26, 1, '0', '75'),
(2236, 27, 3, 27, 1, '25', '75'),
(2237, 27, 3, 28, 1, '50', '75'),
(2238, 28, 3, 21, 1, '100', '100'),
(2239, 28, 3, 22, 1, '75', '100'),
(2240, 28, 3, 23, 1, '0', '100'),
(2241, 28, 3, 24, 1, '50', '100'),
(2242, 28, 3, 25, 1, '75', '100'),
(2243, 28, 3, 26, 1, '0', '100'),
(2244, 28, 3, 27, 1, '25', '100'),
(2245, 28, 3, 28, 1, '25', '100'),
(2246, 29, 3, 21, 1, '75', '100'),
(2247, 29, 3, 22, 1, '100', '100'),
(2248, 29, 3, 23, 1, '100', '100'),
(2249, 29, 3, 24, 1, '0', '100'),
(2250, 29, 3, 25, 1, '75', '100'),
(2251, 29, 3, 26, 1, '50', '100'),
(2252, 29, 3, 27, 1, '0', '100'),
(2253, 29, 3, 28, 1, '75', '100'),
(2254, 30, 3, 21, 1, '75', '100'),
(2255, 30, 3, 22, 1, '75', '100'),
(2256, 30, 3, 23, 1, '75', '100'),
(2257, 30, 3, 24, 1, '100', '100'),
(2258, 30, 3, 25, 1, '0', '100'),
(2259, 30, 3, 26, 1, '75', '100'),
(2260, 30, 3, 27, 1, '75', '100'),
(2261, 30, 3, 28, 1, '0', '100'),
(2262, 31, 3, 21, 1, '0', '100'),
(2263, 31, 3, 22, 1, '50', '100'),
(2264, 31, 3, 23, 1, '75', '100'),
(2265, 31, 3, 24, 1, '100', '100'),
(2266, 31, 3, 25, 1, '100', '100'),
(2267, 31, 3, 26, 1, '0', '100'),
(2268, 31, 3, 27, 1, '50', '100'),
(2269, 31, 3, 28, 1, '75', '100'),
(2270, 32, 3, 21, 1, '75', '100'),
(2271, 32, 3, 22, 1, '0', '100'),
(2272, 32, 3, 23, 1, '75', '100'),
(2273, 32, 3, 24, 1, '0', '100'),
(2274, 32, 3, 25, 1, '75', '100'),
(2275, 32, 3, 26, 1, '100', '100'),
(2276, 32, 3, 27, 1, '0', '100'),
(2277, 32, 3, 28, 1, '75', '100'),
(2278, 33, 3, 21, 1, '75', '100'),
(2279, 33, 3, 22, 1, '0', '100'),
(2280, 33, 3, 23, 1, '50', '100'),
(2281, 33, 3, 24, 1, '0', '100'),
(2282, 33, 3, 25, 1, '75', '100'),
(2283, 33, 3, 26, 1, '50', '100'),
(2284, 33, 3, 27, 1, '0', '100'),
(2285, 33, 3, 28, 1, '50', '100'),
(2286, 34, 3, 21, 1, '75', '100'),
(2287, 34, 3, 22, 1, '25', '100'),
(2288, 34, 3, 23, 1, '0', '100'),
(2289, 34, 3, 24, 1, '50', '100'),
(2290, 34, 3, 25, 1, '0', '100'),
(2291, 34, 3, 26, 1, '75', '100'),
(2292, 34, 3, 27, 1, '75', '100'),
(2293, 34, 3, 28, 1, '0', '100'),
(2294, 35, 3, 21, 1, '50', '100'),
(2295, 35, 3, 22, 1, '100', '100'),
(2296, 35, 3, 23, 1, '0', '100'),
(2297, 35, 3, 24, 1, '50', '100'),
(2298, 35, 3, 25, 1, '25', '100'),
(2299, 35, 3, 26, 1, '100', '100'),
(2300, 35, 3, 27, 1, '0', '100'),
(2301, 35, 3, 28, 1, '0', '100'),
(2302, 36, 3, 21, 1, '0', '100'),
(2303, 36, 3, 22, 1, '0', '100'),
(2304, 36, 3, 23, 1, '50', '100'),
(2305, 36, 3, 24, 1, '100', '100'),
(2306, 36, 3, 25, 1, '0', '100'),
(2307, 36, 3, 26, 1, '50', '100'),
(2308, 36, 3, 27, 1, '25', '100'),
(2309, 36, 3, 28, 1, '75', '100'),
(2310, 37, 3, 21, 1, '0', '50'),
(2311, 37, 3, 22, 1, '0', '50'),
(2312, 37, 3, 23, 1, '75', '50'),
(2313, 37, 3, 24, 1, '75', '50'),
(2314, 37, 3, 25, 1, '0', '50'),
(2315, 37, 3, 26, 1, '50', '50'),
(2316, 37, 3, 27, 1, '50', '50'),
(2317, 37, 3, 28, 1, '75', '50'),
(2318, 38, 3, 21, 1, '50', '50'),
(2319, 38, 3, 22, 1, '0', '50'),
(2320, 38, 3, 23, 1, '0', '50'),
(2321, 38, 3, 24, 1, '75', '50'),
(2322, 38, 3, 25, 1, '100', '50'),
(2323, 38, 3, 26, 1, '0', '50'),
(2324, 38, 3, 27, 1, '50', '50'),
(2325, 38, 3, 28, 1, '50', '50'),
(2326, 39, 3, 21, 1, '25', '50'),
(2327, 39, 3, 22, 1, '0', '50'),
(2328, 39, 3, 23, 1, '0', '50'),
(2329, 39, 3, 24, 1, '50', '50'),
(2330, 39, 3, 25, 1, '75', '50'),
(2331, 39, 3, 26, 1, '0', '50'),
(2332, 39, 3, 27, 1, '25', '50'),
(2333, 39, 3, 28, 1, '50', '50'),
(2334, 40, 3, 21, 1, '25', '25'),
(2335, 40, 3, 22, 1, '75', '25'),
(2336, 40, 3, 23, 1, '25', '25'),
(2337, 40, 3, 24, 1, '0', '25'),
(2338, 40, 3, 25, 1, '0', '25'),
(2339, 40, 3, 26, 1, '50', '25'),
(2340, 40, 3, 27, 1, '100', '25'),
(2341, 40, 3, 28, 1, '0', '25'),
(2342, 41, 3, 21, 1, '50', '25'),
(2343, 41, 3, 22, 1, '50', '25'),
(2344, 41, 3, 23, 1, '50', '25'),
(2345, 41, 3, 24, 1, '0', '25'),
(2346, 41, 3, 25, 1, '0', '25'),
(2347, 41, 3, 26, 1, '75', '25'),
(2348, 41, 3, 27, 1, '100', '25'),
(2349, 41, 3, 28, 1, '0', '25'),
(2350, 42, 3, 21, 1, '75', '25'),
(2351, 42, 3, 22, 1, '0', '25'),
(2352, 42, 3, 23, 1, '25', '25'),
(2353, 42, 3, 24, 1, '25', '25'),
(2354, 42, 3, 25, 1, '25', '25'),
(2355, 42, 3, 26, 1, '0', '25'),
(2356, 42, 3, 27, 1, '25', '25'),
(2357, 42, 3, 28, 1, '50', '25'),
(2358, 43, 3, 21, 1, '75', '50'),
(2359, 43, 3, 22, 1, '0', '50'),
(2360, 43, 3, 23, 1, '50', '50'),
(2361, 43, 3, 24, 1, '50', '50'),
(2362, 43, 3, 25, 1, '100', '50'),
(2363, 43, 3, 26, 1, '0', '50'),
(2364, 43, 3, 27, 1, '0', '50'),
(2365, 43, 3, 28, 1, '75', '50'),
(2366, 44, 3, 21, 1, '50', '50'),
(2367, 44, 3, 22, 1, '100', '50'),
(2368, 44, 3, 23, 1, '0', '50'),
(2369, 44, 3, 24, 1, '50', '50'),
(2370, 44, 3, 25, 1, '25', '50'),
(2371, 44, 3, 26, 1, '75', '50'),
(2372, 44, 3, 27, 1, '0', '50'),
(2373, 44, 3, 28, 1, '0', '50'),
(2374, 45, 3, 21, 1, '75', '50'),
(2375, 45, 3, 22, 1, '100', '50'),
(2376, 45, 3, 23, 1, '0', '50'),
(2377, 45, 3, 24, 1, '25', '50'),
(2378, 45, 3, 25, 1, '25', '50'),
(2379, 45, 3, 26, 1, '75', '50'),
(2380, 45, 3, 27, 1, '0', '50'),
(2381, 45, 3, 28, 1, '0', '50'),
(2382, 46, 3, 21, 1, '0', '25'),
(2383, 46, 3, 22, 1, '75', '25'),
(2384, 46, 3, 23, 1, '75', '25'),
(2385, 46, 3, 24, 1, '0', '25'),
(2386, 46, 3, 25, 1, '75', '25'),
(2387, 46, 3, 26, 1, '25', '25'),
(2388, 46, 3, 27, 1, '100', '25'),
(2389, 46, 3, 28, 1, '0', '25'),
(2390, 47, 3, 21, 1, '0', '25'),
(2391, 47, 3, 22, 1, '0', '25'),
(2392, 47, 3, 23, 1, '75', '25'),
(2393, 47, 3, 24, 1, '0', '25'),
(2394, 47, 3, 25, 1, '0', '25'),
(2395, 47, 3, 26, 1, '50', '25'),
(2396, 47, 3, 27, 1, '50', '25'),
(2397, 47, 3, 28, 1, '25', '25'),
(2398, 48, 3, 21, 1, '0', '25'),
(2399, 48, 3, 22, 1, '0', '25'),
(2400, 48, 3, 23, 1, '50', '25'),
(2401, 48, 3, 24, 1, '25', '25'),
(2402, 48, 3, 25, 1, '0', '25'),
(2403, 48, 3, 26, 1, '50', '25'),
(2404, 48, 3, 27, 1, '25', '25'),
(2405, 48, 3, 28, 1, '25', '25'),
(2406, 49, 3, 21, 1, '75', '25'),
(2407, 49, 3, 22, 1, '0', '25'),
(2408, 49, 3, 23, 1, '0', '25'),
(2409, 49, 3, 24, 1, '75', '25'),
(2410, 49, 3, 25, 1, '75', '25'),
(2411, 49, 3, 26, 1, '0', '25'),
(2412, 49, 3, 27, 1, '75', '25'),
(2413, 49, 3, 28, 1, '50', '25'),
(2414, 50, 3, 21, 1, '100', '100'),
(2415, 50, 3, 22, 1, '0', '100'),
(2416, 50, 3, 23, 1, '0', '100'),
(2417, 50, 3, 24, 1, '75', '100'),
(2418, 50, 3, 25, 1, '100', '100'),
(2419, 50, 3, 26, 1, '0', '100'),
(2420, 50, 3, 27, 1, '75', '100'),
(2421, 50, 3, 28, 1, '50', '100'),
(2422, 51, 3, 21, 1, '75', '100'),
(2423, 51, 3, 22, 1, '50', '100'),
(2424, 51, 3, 23, 1, '100', '100'),
(2425, 51, 3, 24, 1, '0', '100'),
(2426, 51, 3, 25, 1, '0', '100'),
(2427, 51, 3, 26, 1, '50', '100'),
(2428, 51, 3, 27, 1, '100', '100'),
(2429, 51, 3, 28, 1, '0', '100'),
(2430, 52, 3, 21, 1, '75', '100'),
(2431, 52, 3, 22, 1, '25', '100'),
(2432, 52, 3, 23, 1, '100', '100'),
(2433, 52, 3, 24, 1, '0', '100'),
(2434, 52, 3, 25, 1, '0', '100'),
(2435, 52, 3, 26, 1, '75', '100'),
(2436, 52, 3, 27, 1, '100', '100'),
(2437, 52, 3, 28, 1, '0', '100'),
(2438, 53, 3, 21, 1, '100', '100'),
(2439, 53, 3, 22, 1, '0', '100'),
(2440, 53, 3, 23, 1, '75', '100'),
(2441, 53, 3, 24, 1, '25', '100'),
(2442, 53, 3, 25, 1, '75', '100'),
(2443, 53, 3, 26, 1, '0', '100'),
(2444, 53, 3, 27, 1, '0', '100'),
(2445, 53, 3, 28, 1, '75', '100'),
(2446, 54, 3, 21, 1, '100', '100'),
(2447, 54, 3, 22, 1, '0', '100'),
(2448, 54, 3, 23, 1, '50', '100'),
(2449, 54, 3, 24, 1, '50', '100'),
(2450, 54, 3, 25, 1, '75', '100'),
(2451, 54, 3, 26, 1, '0', '100'),
(2452, 54, 3, 27, 1, '0', '100'),
(2453, 54, 3, 28, 1, '75', '100'),
(2454, 55, 3, 21, 1, '50', '100'),
(2455, 55, 3, 22, 1, '50', '100'),
(2456, 55, 3, 23, 1, '0', '100'),
(2457, 55, 3, 24, 1, '50', '100'),
(2458, 55, 3, 25, 1, '25', '100'),
(2459, 55, 3, 26, 1, '75', '100'),
(2460, 55, 3, 27, 1, '0', '100'),
(2461, 55, 3, 28, 1, '0', '100'),
(2462, 56, 3, 21, 1, '75', '100'),
(2463, 56, 3, 22, 1, '25', '100'),
(2464, 56, 3, 23, 1, '0', '100'),
(2465, 56, 3, 24, 1, '50', '100'),
(2466, 56, 3, 25, 1, '25', '100'),
(2467, 56, 3, 26, 1, '100', '100'),
(2468, 56, 3, 27, 1, '0', '100'),
(2469, 56, 3, 28, 1, '0', '100'),
(2470, 57, 3, 21, 1, '0', '100'),
(2471, 57, 3, 22, 1, '0', '100'),
(2472, 57, 3, 23, 1, '75', '100'),
(2473, 57, 3, 24, 1, '0', '100'),
(2474, 57, 3, 25, 1, '0', '100'),
(2475, 57, 3, 26, 1, '25', '100'),
(2476, 57, 3, 27, 1, '25', '100'),
(2477, 57, 3, 28, 1, '100', '100'),
(2478, 58, 3, 21, 1, '0', '100'),
(2479, 58, 3, 22, 1, '0', '100'),
(2480, 58, 3, 23, 1, '50', '100'),
(2481, 58, 3, 24, 1, '50', '100'),
(2482, 58, 3, 25, 1, '0', '100'),
(2483, 58, 3, 26, 1, '75', '100'),
(2484, 58, 3, 27, 1, '50', '100'),
(2485, 58, 3, 28, 1, '75', '100'),
(2486, 59, 3, 21, 1, '100', '100'),
(2487, 59, 3, 22, 1, '0', '100'),
(2488, 59, 3, 23, 1, '0', '100'),
(2489, 59, 3, 24, 1, '75', '100'),
(2490, 59, 3, 25, 1, '75', '100'),
(2491, 59, 3, 26, 1, '0', '100'),
(2492, 59, 3, 27, 1, '75', '100'),
(2493, 59, 3, 28, 1, '50', '100'),
(2494, 60, 3, 21, 1, '100', '50'),
(2495, 60, 3, 22, 1, '0', '50'),
(2496, 60, 3, 23, 1, '0', '50'),
(2497, 60, 3, 24, 1, '50', '50'),
(2498, 60, 3, 25, 1, '100', '50'),
(2499, 60, 3, 26, 1, '0', '50'),
(2500, 60, 3, 27, 1, '75', '50'),
(2501, 60, 3, 28, 1, '50', '50'),
(2502, 61, 3, 21, 1, '25', '50'),
(2503, 61, 3, 22, 1, '75', '50'),
(2504, 61, 3, 23, 1, '0', '50'),
(2505, 61, 3, 24, 1, '0', '50'),
(2506, 61, 3, 25, 1, '75', '50'),
(2507, 61, 3, 26, 1, '75', '50'),
(2508, 61, 3, 27, 1, '0', '50'),
(2509, 61, 3, 28, 1, '50', '50'),
(2510, 62, 3, 21, 1, '100', '50'),
(2511, 62, 3, 22, 1, '75', '50'),
(2512, 62, 3, 23, 1, '75', '50'),
(2513, 62, 3, 24, 1, '0', '50'),
(2514, 62, 3, 25, 1, '0', '50'),
(2515, 62, 3, 26, 1, '75', '50'),
(2516, 62, 3, 27, 1, '75', '50'),
(2517, 62, 3, 28, 1, '0', '50'),
(2518, 63, 3, 21, 1, '0', '100'),
(2519, 63, 3, 22, 1, '50', '100'),
(2520, 63, 3, 23, 1, '25', '100'),
(2521, 63, 3, 24, 1, '75', '100'),
(2522, 63, 3, 25, 1, '0', '100'),
(2523, 63, 3, 26, 1, '0', '100'),
(2524, 63, 3, 27, 1, '50', '100'),
(2525, 63, 3, 28, 1, '100', '100'),
(2526, 64, 3, 21, 1, '100', '100'),
(2527, 64, 3, 22, 1, '0', '100'),
(2528, 64, 3, 23, 1, '50', '100'),
(2529, 64, 3, 24, 1, '25', '100'),
(2530, 64, 3, 25, 1, '50', '100'),
(2531, 64, 3, 26, 1, '0', '100'),
(2532, 64, 3, 27, 1, '0', '100'),
(2533, 64, 3, 28, 1, '50', '100'),
(2534, 65, 3, 21, 1, '0', '100'),
(2535, 65, 3, 22, 1, '0', '100'),
(2536, 65, 3, 23, 1, '25', '100'),
(2537, 65, 3, 24, 1, '25', '100'),
(2538, 65, 3, 25, 1, '75', '100'),
(2539, 65, 3, 26, 1, '0', '100'),
(2540, 65, 3, 27, 1, '0', '100'),
(2541, 65, 3, 28, 1, '50', '100'),
(2542, 66, 3, 21, 1, '50', '100'),
(2543, 66, 3, 22, 1, '50', '100'),
(2544, 66, 3, 23, 1, '0', '100'),
(2545, 66, 3, 24, 1, '25', '100'),
(2546, 66, 3, 25, 1, '0', '100'),
(2547, 66, 3, 26, 1, '75', '100'),
(2548, 66, 3, 27, 1, '0', '100'),
(2549, 66, 3, 28, 1, '0', '100'),
(2550, 67, 3, 21, 1, '75', '100'),
(2551, 67, 3, 22, 1, '75', '100'),
(2552, 67, 3, 23, 1, '0', '100'),
(2553, 67, 3, 24, 1, '25', '100'),
(2554, 67, 3, 25, 1, '25', '100'),
(2555, 67, 3, 26, 1, '75', '100'),
(2556, 67, 3, 27, 1, '0', '100'),
(2557, 67, 3, 28, 1, '0', '100'),
(2558, 68, 3, 21, 1, '0', '100'),
(2559, 68, 3, 22, 1, '0', '100'),
(2560, 68, 3, 23, 1, '50', '100'),
(2561, 68, 3, 24, 1, '75', '100'),
(2562, 68, 3, 25, 1, '0', '100'),
(2563, 68, 3, 26, 1, '50', '100'),
(2564, 68, 3, 27, 1, '25', '100'),
(2565, 68, 3, 28, 1, '75', '100'),
(2566, 69, 3, 21, 1, '0', '100'),
(2567, 69, 3, 22, 1, '0', '100'),
(2568, 69, 3, 23, 1, '50', '100'),
(2569, 69, 3, 24, 1, '75', '100'),
(2570, 69, 3, 25, 1, '0', '100'),
(2571, 69, 3, 26, 1, '25', '100'),
(2572, 69, 3, 27, 1, '25', '100'),
(2573, 69, 3, 28, 1, '50', '100'),
(2574, 70, 3, 21, 1, '75', '100'),
(2575, 70, 3, 22, 1, '0', '100'),
(2576, 70, 3, 23, 1, '0', '100'),
(2577, 70, 3, 24, 1, '75', '100'),
(2578, 70, 3, 25, 1, '25', '100'),
(2579, 70, 3, 26, 1, '0', '100'),
(2580, 70, 3, 27, 1, '50', '100'),
(2581, 70, 3, 28, 1, '25', '100'),
(2582, 71, 3, 21, 1, '75', '100'),
(2583, 71, 3, 22, 1, '0', '100'),
(2584, 71, 3, 23, 1, '0', '100'),
(2585, 71, 3, 24, 1, '50', '100'),
(2586, 71, 3, 25, 1, '75', '100'),
(2587, 71, 3, 26, 1, '0', '100'),
(2588, 71, 3, 27, 1, '50', '100'),
(2589, 71, 3, 28, 1, '25', '100'),
(2590, 72, 3, 21, 1, '75', '75'),
(2591, 72, 3, 22, 1, '25', '75'),
(2592, 72, 3, 23, 1, '75', '75'),
(2593, 72, 3, 24, 1, '0', '75'),
(2594, 72, 3, 25, 1, '0', '75'),
(2595, 72, 3, 26, 1, '50', '75'),
(2596, 72, 3, 27, 1, '75', '75'),
(2597, 72, 3, 28, 1, '0', '75'),
(2598, 73, 3, 21, 1, '100', '75'),
(2599, 73, 3, 22, 1, '25', '75'),
(2600, 73, 3, 23, 1, '75', '75'),
(2601, 73, 3, 24, 1, '0', '75'),
(2602, 73, 3, 25, 1, '0', '75'),
(2603, 73, 3, 26, 1, '50', '75'),
(2604, 73, 3, 27, 1, '100', '75'),
(2605, 73, 3, 28, 1, '0', '75'),
(2606, 74, 3, 21, 1, '100', '75'),
(2607, 74, 3, 22, 1, '0', '75'),
(2608, 74, 3, 23, 1, '100', '75'),
(2609, 74, 3, 24, 1, '50', '75'),
(2610, 74, 3, 25, 1, '75', '75'),
(2611, 74, 3, 26, 1, '0', '75'),
(2612, 74, 3, 27, 1, '0', '75'),
(2613, 74, 3, 28, 1, '75', '75'),
(2614, 75, 3, 21, 1, '100', '75'),
(2615, 75, 3, 22, 1, '0', '75'),
(2616, 75, 3, 23, 1, '75', '75'),
(2617, 75, 3, 24, 1, '50', '75'),
(2618, 75, 3, 25, 1, '75', '75'),
(2619, 75, 3, 26, 1, '0', '75'),
(2620, 75, 3, 27, 1, '0', '75'),
(2621, 75, 3, 28, 1, '50', '75'),
(2622, 76, 3, 21, 1, '50', '75'),
(2623, 76, 3, 22, 1, '100', '75'),
(2624, 76, 3, 23, 1, '0', '75'),
(2625, 76, 3, 24, 1, '50', '75'),
(2626, 76, 3, 25, 1, '50', '75'),
(2627, 76, 3, 26, 1, '25', '75'),
(2628, 76, 3, 27, 1, '0', '75'),
(2629, 76, 3, 28, 1, '0', '75'),
(2630, 77, 3, 21, 1, '75', '75'),
(2631, 77, 3, 22, 1, '75', '75'),
(2632, 77, 3, 23, 1, '0', '75'),
(2633, 77, 3, 24, 1, '50', '75'),
(2634, 77, 3, 25, 1, '50', '75'),
(2635, 77, 3, 26, 1, '75', '75'),
(2636, 77, 3, 27, 1, '0', '75'),
(2637, 77, 3, 28, 1, '0', '75'),
(2638, 78, 3, 21, 1, '0', '50'),
(2639, 78, 3, 22, 1, '75', '50'),
(2640, 78, 3, 23, 1, '75', '50'),
(2641, 78, 3, 24, 1, '0', '50'),
(2642, 78, 3, 25, 1, '75', '50'),
(2643, 78, 3, 26, 1, '75', '50'),
(2644, 78, 3, 27, 1, '75', '50'),
(2645, 78, 3, 28, 1, '25', '50'),
(2646, 79, 3, 21, 1, '0', '50'),
(2647, 79, 3, 22, 1, '0', '50'),
(2648, 79, 3, 23, 1, '75', '50'),
(2649, 79, 3, 24, 1, '75', '50'),
(2650, 79, 3, 25, 1, '0', '50'),
(2651, 79, 3, 26, 1, '75', '50'),
(2652, 79, 3, 27, 1, '25', '50'),
(2653, 79, 3, 28, 1, '25', '50'),
(2654, 80, 3, 21, 1, '0', '50'),
(2655, 80, 3, 22, 1, '0', '50'),
(2656, 80, 3, 23, 1, '75', '50'),
(2657, 80, 3, 24, 1, '75', '50'),
(2658, 80, 3, 25, 1, '0', '50'),
(2659, 80, 3, 26, 1, '75', '50'),
(2660, 80, 3, 27, 1, '25', '50'),
(2661, 80, 3, 28, 1, '25', '50'),
(2662, 81, 3, 21, 1, '25', '50'),
(2663, 81, 3, 22, 1, '0', '50'),
(2664, 81, 3, 23, 1, '0', '50'),
(2665, 81, 3, 24, 1, '75', '50'),
(2666, 81, 3, 25, 1, '0', '50'),
(2667, 81, 3, 26, 1, '0', '50'),
(2668, 81, 3, 27, 1, '25', '50'),
(2669, 81, 3, 28, 1, '0', '50'),
(2670, 82, 3, 21, 1, '0', '50'),
(2671, 82, 3, 22, 1, '0', '50'),
(2672, 82, 3, 23, 1, '0', '50'),
(2673, 82, 3, 24, 1, '75', '50'),
(2674, 82, 3, 25, 1, '0', '50'),
(2675, 82, 3, 26, 1, '0', '50'),
(2676, 82, 3, 27, 1, '25', '50'),
(2677, 82, 3, 28, 1, '0', '50'),
(2678, 83, 3, 21, 1, '0', '50'),
(2679, 83, 3, 22, 1, '0', '50'),
(2680, 83, 3, 23, 1, '0', '50'),
(2681, 83, 3, 24, 1, '0', '50'),
(2682, 83, 3, 25, 1, '0', '50'),
(2683, 83, 3, 26, 1, '75', '50'),
(2684, 83, 3, 27, 1, '0', '50'),
(2685, 83, 3, 28, 1, '0', '50'),
(2686, 84, 3, 21, 1, '25', '50'),
(2687, 84, 3, 22, 1, '0', '50'),
(2688, 84, 3, 23, 1, '0', '50'),
(2689, 84, 3, 24, 1, '0', '50'),
(2690, 84, 3, 25, 1, '0', '50'),
(2691, 84, 3, 26, 1, '75', '50'),
(2692, 84, 3, 27, 1, '0', '50'),
(2693, 84, 3, 28, 1, '0', '50'),
(2694, 85, 3, 21, 1, '0', '50'),
(2695, 85, 3, 22, 1, '0', '50'),
(2696, 85, 3, 23, 1, '75', '50'),
(2697, 85, 3, 24, 1, '0', '50'),
(2698, 85, 3, 25, 1, '0', '50'),
(2699, 85, 3, 26, 1, '0', '50'),
(2700, 85, 3, 27, 1, '0', '50'),
(2701, 85, 3, 28, 1, '75', '50'),
(2702, 86, 3, 21, 1, '0', '75'),
(2703, 86, 3, 22, 1, '0', '75'),
(2704, 86, 3, 23, 1, '75', '75'),
(2705, 86, 3, 24, 1, '0', '75'),
(2706, 86, 3, 25, 1, '0', '75'),
(2707, 86, 3, 26, 1, '0', '75'),
(2708, 86, 3, 27, 1, '0', '75'),
(2709, 86, 3, 28, 1, '75', '75'),
(2710, 87, 3, 21, 1, '75', '75'),
(2711, 87, 3, 22, 1, '0', '75'),
(2712, 87, 3, 23, 1, '0', '75'),
(2713, 87, 3, 24, 1, '75', '75'),
(2714, 87, 3, 25, 1, '75', '75'),
(2715, 87, 3, 26, 1, '0', '75'),
(2716, 87, 3, 27, 1, '0', '75'),
(2717, 87, 3, 28, 1, '0', '75'),
(2718, 88, 3, 21, 1, '75', '75'),
(2719, 88, 3, 22, 1, '0', '75'),
(2720, 88, 3, 23, 1, '0', '75'),
(2721, 88, 3, 24, 1, '75', '75'),
(2722, 88, 3, 25, 1, '75', '75'),
(2723, 88, 3, 26, 1, '0', '75'),
(2724, 88, 3, 27, 1, '0', '75'),
(2725, 88, 3, 28, 1, '0', '75'),
(2726, 89, 3, 21, 1, '0', '75'),
(2727, 89, 3, 22, 1, '0', '75'),
(2728, 89, 3, 23, 1, '75', '75'),
(2729, 89, 3, 24, 1, '0', '75'),
(2730, 89, 3, 25, 1, '0', '75'),
(2731, 89, 3, 26, 1, '75', '75'),
(2732, 89, 3, 27, 1, '75', '75'),
(2733, 89, 3, 28, 1, '0', '75'),
(2734, 90, 3, 21, 1, '0', '75'),
(2735, 90, 3, 22, 1, '0', '75'),
(2736, 90, 3, 23, 1, '75', '75'),
(2737, 90, 3, 24, 1, '0', '75'),
(2738, 90, 3, 25, 1, '0', '75'),
(2739, 90, 3, 26, 1, '25', '75'),
(2740, 90, 3, 27, 1, '25', '75'),
(2741, 90, 3, 28, 1, '0', '75'),
(2742, 91, 3, 21, 1, '0', '75'),
(2743, 91, 3, 22, 1, '0', '75'),
(2744, 91, 3, 23, 1, '0', '75'),
(2745, 91, 3, 24, 1, '75', '75'),
(2746, 91, 3, 25, 1, '0', '75'),
(2747, 91, 3, 26, 1, '0', '75'),
(2748, 91, 3, 27, 1, '75', '75'),
(2749, 91, 3, 28, 1, '75', '75'),
(2750, 92, 3, 21, 1, '75', '100'),
(2751, 92, 3, 22, 1, '0', '100'),
(2752, 92, 3, 23, 1, '0', '100'),
(2753, 92, 3, 24, 1, '50', '100'),
(2754, 92, 3, 25, 1, '75', '100'),
(2755, 92, 3, 26, 1, '0', '100'),
(2756, 92, 3, 27, 1, '50', '100'),
(2757, 92, 3, 28, 1, '25', '100'),
(2758, 93, 3, 21, 1, '25', '100'),
(2759, 93, 3, 22, 1, '50', '100'),
(2760, 93, 3, 23, 1, '0', '100'),
(2761, 93, 3, 24, 1, '0', '100'),
(2762, 93, 3, 25, 1, '75', '100'),
(2763, 93, 3, 26, 1, '0', '100'),
(2764, 93, 3, 27, 1, '0', '100'),
(2765, 93, 3, 28, 1, '50', '100'),
(2766, 94, 3, 21, 1, '0', '100'),
(2767, 94, 3, 22, 1, '25', '100'),
(2768, 94, 3, 23, 1, '75', '100'),
(2769, 94, 3, 24, 1, '0', '100'),
(2770, 94, 3, 25, 1, '0', '100'),
(2771, 94, 3, 26, 1, '75', '100'),
(2772, 94, 3, 27, 1, '0', '100'),
(2773, 94, 3, 28, 1, '0', '100'),
(2774, 95, 3, 21, 1, '0', '100'),
(2775, 95, 3, 22, 1, '0', '100'),
(2776, 95, 3, 23, 1, '50', '100'),
(2777, 95, 3, 24, 1, '100', '100'),
(2778, 95, 3, 25, 1, '0', '100'),
(2779, 95, 3, 26, 1, '0', '100'),
(2780, 95, 3, 27, 1, '50', '100'),
(2781, 95, 3, 28, 1, '0', '100'),
(2782, 96, 3, 21, 1, '0', '100'),
(2783, 96, 3, 22, 1, '0', '100'),
(2784, 96, 3, 23, 1, '0', '100'),
(2785, 96, 3, 24, 1, '0', '100'),
(2786, 96, 3, 25, 1, '75', '100'),
(2787, 96, 3, 26, 1, '0', '100'),
(2788, 96, 3, 27, 1, '0', '100'),
(2789, 96, 3, 28, 1, '50', '100'),
(2790, 97, 3, 21, 1, '0', '100'),
(2791, 97, 3, 22, 1, '0', '100'),
(2792, 97, 3, 23, 1, '0', '100'),
(2793, 97, 3, 24, 1, '0', '100'),
(2794, 97, 3, 25, 1, '75', '100'),
(2795, 97, 3, 26, 1, '0', '100'),
(2796, 97, 3, 27, 1, '0', '100'),
(2797, 97, 3, 28, 1, '75', '100'),
(2798, 98, 3, 21, 1, '50', '100'),
(2799, 98, 3, 22, 1, '0', '100'),
(2800, 98, 3, 23, 1, '0', '100'),
(2801, 98, 3, 24, 1, '50', '100'),
(2802, 98, 3, 25, 1, '0', '100'),
(2803, 98, 3, 26, 1, '50', '100'),
(2804, 98, 3, 27, 1, '0', '100'),
(2805, 98, 3, 28, 1, '0', '100'),
(2806, 99, 3, 21, 1, '50', '100'),
(2807, 99, 3, 22, 1, '0', '100'),
(2808, 99, 3, 23, 1, '0', '100'),
(2809, 99, 3, 24, 1, '0', '100'),
(2810, 99, 3, 25, 1, '0', '100'),
(2811, 99, 3, 26, 1, '50', '100'),
(2812, 99, 3, 27, 1, '0', '100'),
(2813, 99, 3, 28, 1, '0', '100'),
(2814, 100, 3, 21, 1, '0', '100'),
(2815, 100, 3, 22, 1, '0', '100'),
(2816, 100, 3, 23, 1, '75', '100'),
(2817, 100, 3, 24, 1, '0', '100'),
(2818, 100, 3, 25, 1, '0', '100'),
(2819, 100, 3, 26, 1, '0', '100'),
(2820, 100, 3, 27, 1, '0', '100'),
(2821, 100, 3, 28, 1, '50', '100'),
(2822, 101, 3, 21, 1, '0', '100'),
(2823, 101, 3, 22, 1, '0', '100'),
(2824, 101, 3, 23, 1, '75', '100'),
(2825, 101, 3, 24, 1, '0', '100'),
(2826, 101, 3, 25, 1, '0', '100'),
(2827, 101, 3, 26, 1, '0', '100'),
(2828, 101, 3, 27, 1, '0', '100'),
(2829, 101, 3, 28, 1, '75', '100'),
(2830, 102, 3, 21, 1, '75', '100'),
(2831, 102, 3, 22, 1, '0', '100'),
(2832, 102, 3, 23, 1, '0', '100'),
(2833, 102, 3, 24, 1, '100', '100'),
(2834, 102, 3, 25, 1, '0', '100'),
(2835, 102, 3, 26, 1, '0', '100'),
(2836, 102, 3, 27, 1, '0', '100'),
(2837, 102, 3, 28, 1, '0', '100'),
(2838, 103, 3, 21, 1, '75', '100'),
(2839, 103, 3, 22, 1, '0', '100'),
(2840, 103, 3, 23, 1, '0', '100'),
(2841, 103, 3, 24, 1, '75', '100'),
(2842, 103, 3, 25, 1, '0', '100'),
(2843, 103, 3, 26, 1, '0', '100'),
(2844, 103, 3, 27, 1, '0', '100'),
(2845, 103, 3, 28, 1, '0', '100'),
(2846, 104, 3, 21, 1, '75', '50'),
(2847, 104, 3, 22, 1, '25', '50'),
(2848, 104, 3, 23, 1, '75', '50'),
(2849, 104, 3, 24, 1, '0', '50'),
(2850, 104, 3, 25, 1, '0', '50'),
(2851, 104, 3, 26, 1, '75', '50'),
(2852, 104, 3, 27, 1, '0', '50'),
(2853, 104, 3, 28, 1, '0', '50'),
(2854, 105, 3, 21, 1, '0', '50'),
(2855, 105, 3, 22, 1, '50', '50'),
(2856, 105, 3, 23, 1, '100', '50'),
(2857, 105, 3, 24, 1, '0', '50'),
(2858, 105, 3, 25, 1, '0', '50'),
(2859, 105, 3, 26, 1, '75', '50'),
(2860, 105, 3, 27, 1, '0', '50'),
(2861, 105, 3, 28, 1, '0', '50'),
(2862, 106, 3, 21, 1, '0', '50'),
(2863, 106, 3, 22, 1, '0', '50'),
(2864, 106, 3, 23, 1, '50', '50'),
(2865, 106, 3, 24, 1, '50', '50'),
(2866, 106, 3, 25, 1, '100', '50'),
(2867, 106, 3, 26, 1, '0', '50'),
(2868, 106, 3, 27, 1, '0', '50'),
(2869, 106, 3, 28, 1, '50', '50'),
(2870, 107, 3, 21, 1, '0', '50'),
(2871, 107, 3, 22, 1, '0', '50'),
(2872, 107, 3, 23, 1, '50', '50'),
(2873, 107, 3, 24, 1, '0', '50'),
(2874, 107, 3, 25, 1, '75', '50'),
(2875, 107, 3, 26, 1, '0', '50'),
(2876, 107, 3, 27, 1, '0', '50'),
(2877, 107, 3, 28, 1, '75', '50'),
(2878, 108, 3, 21, 1, '75', '50'),
(2879, 108, 3, 22, 1, '0', '50'),
(2880, 108, 3, 23, 1, '0', '50'),
(2881, 108, 3, 24, 1, '0', '50'),
(2882, 108, 3, 25, 1, '0', '50'),
(2883, 108, 3, 26, 1, '75', '50'),
(2884, 108, 3, 27, 1, '0', '50'),
(2885, 108, 3, 28, 1, '0', '50'),
(2886, 109, 3, 21, 1, '75', '50'),
(2887, 109, 3, 22, 1, '0', '50'),
(2888, 109, 3, 23, 1, '0', '50'),
(2889, 109, 3, 24, 1, '0', '50'),
(2890, 109, 3, 25, 1, '0', '50'),
(2891, 109, 3, 26, 1, '75', '50'),
(2892, 109, 3, 27, 1, '0', '50'),
(2893, 109, 3, 28, 1, '0', '50'),
(2894, 110, 3, 21, 1, '0', '50'),
(2895, 110, 3, 22, 1, '50', '50'),
(2896, 110, 3, 23, 1, '0', '50'),
(2897, 110, 3, 24, 1, '0', '50'),
(2898, 110, 3, 25, 1, '0', '50'),
(2899, 110, 3, 26, 1, '0', '50'),
(2900, 110, 3, 27, 1, '75', '50'),
(2901, 110, 3, 28, 1, '0', '50'),
(2902, 111, 3, 21, 1, '0', '50'),
(2903, 111, 3, 22, 1, '0', '50'),
(2904, 111, 3, 23, 1, '50', '50'),
(2905, 111, 3, 24, 1, '0', '50'),
(2906, 111, 3, 25, 1, '0', '50'),
(2907, 111, 3, 26, 1, '50', '50'),
(2908, 111, 3, 27, 1, '0', '50'),
(2909, 111, 3, 28, 1, '100', '50'),
(2910, 112, 3, 21, 1, '0', '50'),
(2911, 112, 3, 22, 1, '0', '50'),
(2912, 112, 3, 23, 1, '50', '50'),
(2913, 112, 3, 24, 1, '0', '50'),
(2914, 112, 3, 25, 1, '0', '50'),
(2915, 112, 3, 26, 1, '75', '50'),
(2916, 112, 3, 27, 1, '0', '50'),
(2917, 112, 3, 28, 1, '75', '50'),
(2918, 113, 3, 21, 1, '100', '50'),
(2919, 113, 3, 22, 1, '0', '50'),
(2920, 113, 3, 23, 1, '0', '50'),
(2921, 113, 3, 24, 1, '75', '50'),
(2922, 113, 3, 25, 1, '75', '50'),
(2923, 113, 3, 26, 1, '0', '50'),
(2924, 113, 3, 27, 1, '75', '50'),
(2925, 113, 3, 28, 1, '0', '50'),
(2926, 114, 3, 21, 1, '100', '50'),
(2927, 114, 3, 22, 1, '0', '50'),
(2928, 114, 3, 23, 1, '0', '50'),
(2929, 114, 3, 24, 1, '100', '50'),
(2930, 114, 3, 25, 1, '100', '50'),
(2931, 114, 3, 26, 1, '0', '50'),
(2932, 114, 3, 27, 1, '75', '50'),
(2933, 114, 3, 28, 1, '25', '50'),
(2934, 115, 3, 21, 1, '75', '50'),
(2935, 115, 3, 22, 1, '75', '50'),
(2936, 115, 3, 23, 1, '100', '50'),
(2937, 115, 3, 24, 1, '75', '50'),
(2938, 115, 3, 25, 1, '0', '50'),
(2939, 115, 3, 26, 1, '75', '50'),
(2940, 115, 3, 27, 1, '75', '50'),
(2941, 115, 3, 28, 1, '0', '50'),
(2942, 116, 3, 21, 1, '75', '50'),
(2943, 116, 3, 22, 1, '25', '50'),
(2944, 116, 3, 23, 1, '100', '50'),
(2945, 116, 3, 24, 1, '0', '50'),
(2946, 116, 3, 25, 1, '0', '50'),
(2947, 116, 3, 26, 1, '75', '50'),
(2948, 116, 3, 27, 1, '25', '50'),
(2949, 116, 3, 28, 1, '0', '50'),
(2950, 117, 3, 21, 1, '25', '50'),
(2951, 117, 3, 22, 1, '0', '50'),
(2952, 117, 3, 23, 1, '75', '50'),
(2953, 117, 3, 24, 1, '75', '50'),
(2954, 117, 3, 25, 1, '100', '50'),
(2955, 117, 3, 26, 1, '0', '50'),
(2956, 117, 3, 27, 1, '0', '50'),
(2957, 117, 3, 28, 1, '75', '50'),
(2958, 118, 3, 21, 1, '0', '100'),
(2959, 118, 3, 22, 1, '0', '100'),
(2960, 118, 3, 23, 1, '75', '100'),
(2961, 118, 3, 24, 1, '0', '100'),
(2962, 118, 3, 25, 1, '100', '100'),
(2963, 118, 3, 26, 1, '0', '100'),
(2964, 118, 3, 27, 1, '0', '100'),
(2965, 118, 3, 28, 1, '75', '100'),
(2966, 119, 3, 21, 1, '75', '100'),
(2967, 119, 3, 22, 1, '0', '100'),
(2968, 119, 3, 23, 1, '0', '100'),
(2969, 119, 3, 24, 1, '75', '100'),
(2970, 119, 3, 25, 1, '0', '100'),
(2971, 119, 3, 26, 1, '75', '100'),
(2972, 119, 3, 27, 1, '0', '100'),
(2973, 119, 3, 28, 1, '0', '100'),
(2974, 120, 3, 21, 1, '75', '100'),
(2975, 120, 3, 22, 1, '0', '100'),
(2976, 120, 3, 23, 1, '0', '100'),
(2977, 120, 3, 24, 1, '75', '100'),
(2978, 120, 3, 25, 1, '0', '100'),
(2979, 120, 3, 26, 1, '75', '100'),
(2980, 120, 3, 27, 1, '0', '100'),
(2981, 120, 3, 28, 1, '0', '100'),
(2982, 121, 3, 21, 1, '0', '100'),
(2983, 121, 3, 22, 1, '0', '100'),
(2984, 121, 3, 23, 1, '75', '100'),
(2985, 121, 3, 24, 1, '0', '100'),
(2986, 121, 3, 25, 1, '0', '100'),
(2987, 121, 3, 26, 1, '0', '100'),
(2988, 121, 3, 27, 1, '0', '100'),
(2989, 121, 3, 28, 1, '100', '100'),
(2990, 122, 3, 21, 1, '0', '100'),
(2991, 122, 3, 22, 1, '0', '100'),
(2992, 122, 3, 23, 1, '75', '100'),
(2993, 122, 3, 24, 1, '0', '100'),
(2994, 122, 3, 25, 1, '0', '100'),
(2995, 122, 3, 26, 1, '0', '100'),
(2996, 122, 3, 27, 1, '0', '100'),
(2997, 122, 3, 28, 1, '100', '100'),
(2998, 12, 7, 29, 1, '50', '100'),
(2999, 12, 7, 30, 1, '100', '100'),
(3000, 12, 7, 31, 1, '75', '100'),
(3001, 12, 7, 32, 1, '25', '100'),
(3002, 12, 7, 33, 1, '75', '100'),
(3003, 12, 7, 34, 1, '25', '100'),
(3004, 12, 7, 35, 1, '100', '100'),
(3005, 12, 7, 36, 1, '100', '100'),
(3006, 12, 7, 37, 1, '100', '100'),
(3007, 12, 7, 38, 1, '75', '100'),
(3008, 12, 7, 39, 1, '100', '100'),
(3009, 13, 7, 29, 1, '75', '100'),
(3010, 13, 7, 30, 1, '100', '100'),
(3011, 13, 7, 31, 1, '100', '100'),
(3012, 13, 7, 32, 1, '100', '100'),
(3013, 13, 7, 33, 1, '100', '100'),
(3014, 13, 7, 34, 1, '25', '100'),
(3015, 13, 7, 35, 1, '0', '100'),
(3016, 13, 7, 36, 1, '75', '100'),
(3017, 13, 7, 37, 1, '100', '100'),
(3018, 13, 7, 38, 1, '100', '100'),
(3019, 13, 7, 39, 1, '75', '100'),
(3020, 14, 7, 29, 1, '100', '100'),
(3021, 14, 7, 30, 1, '50', '100'),
(3022, 14, 7, 31, 1, '75', '100'),
(3023, 14, 7, 32, 1, '100', '100'),
(3024, 14, 7, 33, 1, '100', '100'),
(3025, 14, 7, 34, 1, '75', '100'),
(3026, 14, 7, 35, 1, '75', '100'),
(3027, 14, 7, 36, 1, '50', '100'),
(3028, 14, 7, 37, 1, '50', '100'),
(3029, 14, 7, 38, 1, '100', '100'),
(3030, 14, 7, 39, 1, '100', '100'),
(3031, 15, 7, 29, 1, '100', '50'),
(3032, 15, 7, 30, 1, '100', '50'),
(3033, 15, 7, 31, 1, '50', '50'),
(3034, 15, 7, 32, 1, '100', '50'),
(3035, 15, 7, 33, 1, '100', '50'),
(3036, 15, 7, 34, 1, '100', '50'),
(3037, 15, 7, 35, 1, '100', '50'),
(3038, 15, 7, 36, 1, '100', '50'),
(3039, 15, 7, 37, 1, '100', '50'),
(3040, 15, 7, 38, 1, '75', '50'),
(3041, 15, 7, 39, 1, '100', '50'),
(3042, 16, 7, 29, 1, '100', '100'),
(3043, 16, 7, 30, 1, '75', '100'),
(3044, 16, 7, 31, 1, '50', '100'),
(3045, 16, 7, 32, 1, '100', '100'),
(3046, 16, 7, 33, 1, '50', '100'),
(3047, 16, 7, 34, 1, '50', '100'),
(3048, 16, 7, 35, 1, '75', '100'),
(3049, 16, 7, 36, 1, '100', '100'),
(3050, 16, 7, 37, 1, '25', '100'),
(3051, 16, 7, 38, 1, '25', '100'),
(3052, 16, 7, 39, 1, '100', '100'),
(3053, 17, 7, 29, 1, '50', '100'),
(3054, 17, 7, 30, 1, '100', '100'),
(3055, 17, 7, 31, 1, '100', '100'),
(3056, 17, 7, 32, 1, '100', '100'),
(3057, 17, 7, 33, 1, '50', '100'),
(3058, 17, 7, 34, 1, '100', '100'),
(3059, 17, 7, 35, 1, '100', '100'),
(3060, 17, 7, 36, 1, '100', '100'),
(3061, 17, 7, 37, 1, '75', '100'),
(3062, 17, 7, 38, 1, '100', '100'),
(3063, 17, 7, 39, 1, '75', '100'),
(3064, 18, 7, 29, 1, '100', '100'),
(3065, 18, 7, 30, 1, '75', '100'),
(3066, 18, 7, 31, 1, '100', '100'),
(3067, 18, 7, 32, 1, '100', '100'),
(3068, 18, 7, 33, 1, '100', '100'),
(3069, 18, 7, 34, 1, '25', '100'),
(3070, 18, 7, 35, 1, '75', '100'),
(3071, 18, 7, 36, 1, '100', '100'),
(3072, 18, 7, 37, 1, '100', '100'),
(3073, 18, 7, 38, 1, '75', '100'),
(3074, 18, 7, 39, 1, '100', '100'),
(3075, 19, 7, 29, 1, '75', '100'),
(3076, 19, 7, 30, 1, '100', '100'),
(3077, 19, 7, 31, 1, '100', '100'),
(3078, 19, 7, 32, 1, '25', '100'),
(3079, 19, 7, 33, 1, '100', '100'),
(3080, 19, 7, 34, 1, '100', '100'),
(3081, 19, 7, 35, 1, '50', '100'),
(3082, 19, 7, 36, 1, '50', '100'),
(3083, 19, 7, 37, 1, '75', '100'),
(3084, 19, 7, 38, 1, '100', '100'),
(3085, 19, 7, 39, 1, '100', '100'),
(3086, 20, 7, 29, 1, '75', '100'),
(3087, 20, 7, 30, 1, '100', '100'),
(3088, 20, 7, 31, 1, '100', '100'),
(3089, 20, 7, 32, 1, '50', '100'),
(3090, 20, 7, 33, 1, '100', '100'),
(3091, 20, 7, 34, 1, '100', '100'),
(3092, 20, 7, 35, 1, '100', '100'),
(3093, 20, 7, 36, 1, '50', '100'),
(3094, 20, 7, 37, 1, '100', '100'),
(3095, 20, 7, 38, 1, '50', '100'),
(3096, 20, 7, 39, 1, '100', '100'),
(3097, 21, 7, 29, 1, '100', '100'),
(3098, 21, 7, 30, 1, '75', '100'),
(3099, 21, 7, 31, 1, '100', '100'),
(3100, 21, 7, 32, 1, '100', '100'),
(3101, 21, 7, 33, 1, '75', '100'),
(3102, 21, 7, 34, 1, '100', '100'),
(3103, 21, 7, 35, 1, '100', '100'),
(3104, 21, 7, 36, 1, '100', '100'),
(3105, 21, 7, 37, 1, '50', '100'),
(3106, 21, 7, 38, 1, '100', '100'),
(3107, 21, 7, 39, 1, '100', '100'),
(3108, 22, 7, 29, 1, '100', '100'),
(3109, 22, 7, 30, 1, '100', '100'),
(3110, 22, 7, 31, 1, '75', '100'),
(3111, 22, 7, 32, 1, '100', '100'),
(3112, 22, 7, 33, 1, '100', '100'),
(3113, 22, 7, 34, 1, '75', '100'),
(3114, 22, 7, 35, 1, '100', '100'),
(3115, 22, 7, 36, 1, '100', '100'),
(3116, 22, 7, 37, 1, '75', '100'),
(3117, 22, 7, 38, 1, '50', '100'),
(3118, 22, 7, 39, 1, '50', '100'),
(3119, 23, 7, 29, 1, '50', '100'),
(3120, 23, 7, 30, 1, '75', '75'),
(3121, 23, 7, 31, 1, '25', '75'),
(3122, 23, 7, 32, 1, '100', '100'),
(3123, 23, 7, 33, 1, '100', '75'),
(3124, 23, 7, 34, 1, '100', '100'),
(3125, 23, 7, 35, 1, '100', '75'),
(3126, 23, 7, 36, 1, '100', '75'),
(3127, 23, 7, 37, 1, '75', '100'),
(3128, 23, 7, 38, 1, '100', '100'),
(3129, 23, 7, 39, 1, '0', '100'),
(3130, 24, 7, 29, 1, '100', '75'),
(3131, 24, 7, 30, 1, '25', '100'),
(3132, 24, 7, 31, 1, '50', '100'),
(3133, 24, 7, 32, 1, '75', '75'),
(3134, 24, 7, 33, 1, '25', '75'),
(3135, 24, 7, 34, 1, '100', '100'),
(3136, 24, 7, 35, 1, '100', '75'),
(3137, 24, 7, 36, 1, '100', '100'),
(3138, 24, 7, 37, 1, '100', '75'),
(3139, 24, 7, 38, 1, '100', '75'),
(3140, 24, 7, 39, 1, '75', '100'),
(3141, 25, 7, 29, 1, '100', '75'),
(3142, 25, 7, 30, 1, '75', '75'),
(3143, 25, 7, 31, 1, '50', '75'),
(3144, 25, 7, 32, 1, '100', '75'),
(3145, 25, 7, 33, 1, '75', '75'),
(3146, 25, 7, 34, 1, '100', '75'),
(3147, 25, 7, 35, 1, '100', '75'),
(3148, 25, 7, 36, 1, '100', '75'),
(3149, 25, 7, 37, 1, '100', '75'),
(3150, 25, 7, 38, 1, '75', '75'),
(3151, 25, 7, 39, 1, '100', '75'),
(3152, 26, 7, 29, 1, '0', '75'),
(3153, 26, 7, 30, 1, '25', '75'),
(3154, 26, 7, 31, 1, '100', '75'),
(3155, 26, 7, 32, 1, '100', '75'),
(3156, 26, 7, 33, 1, '75', '75'),
(3157, 26, 7, 34, 1, '25', '75'),
(3158, 26, 7, 35, 1, '75', '75'),
(3159, 26, 7, 36, 1, '100', '75'),
(3160, 26, 7, 37, 1, '100', '75'),
(3161, 26, 7, 38, 1, '100', '75'),
(3162, 26, 7, 39, 1, '50', '75'),
(3163, 27, 7, 29, 1, '50', '75'),
(3164, 27, 7, 30, 1, '75', '75'),
(3165, 27, 7, 31, 1, '75', '75'),
(3166, 27, 7, 32, 1, '100', '75'),
(3167, 27, 7, 33, 1, '25', '75'),
(3168, 27, 7, 34, 1, '50', '75'),
(3169, 27, 7, 35, 1, '75', '75'),
(3170, 27, 7, 36, 1, '75', '75'),
(3171, 27, 7, 37, 1, '50', '75'),
(3172, 27, 7, 38, 1, '50', '75'),
(3173, 27, 7, 39, 1, '100', '75'),
(3174, 28, 7, 29, 1, '50', '100'),
(3175, 28, 7, 30, 1, '25', '100'),
(3176, 28, 7, 31, 1, '75', '100'),
(3177, 28, 7, 32, 1, '50', '100'),
(3178, 28, 7, 33, 1, '75', '100'),
(3179, 28, 7, 34, 1, '100', '100'),
(3180, 28, 7, 35, 1, '75', '100'),
(3181, 28, 7, 36, 1, '25', '100'),
(3182, 28, 7, 37, 1, '75', '100'),
(3183, 28, 7, 38, 1, '75', '100'),
(3184, 28, 7, 39, 1, '25', '100'),
(3185, 29, 7, 29, 1, '100', '100'),
(3186, 29, 7, 30, 1, '75', '100'),
(3187, 29, 7, 31, 1, '100', '100'),
(3188, 29, 7, 32, 1, '100', '100'),
(3189, 29, 7, 33, 1, '75', '100'),
(3190, 29, 7, 34, 1, '100', '100'),
(3191, 29, 7, 35, 1, '100', '100'),
(3192, 29, 7, 36, 1, '75', '100'),
(3193, 29, 7, 37, 1, '25', '100'),
(3194, 29, 7, 38, 1, '75', '100'),
(3195, 29, 7, 39, 1, '100', '100'),
(3196, 30, 7, 29, 1, '75', '100'),
(3197, 30, 7, 30, 1, '50', '100'),
(3198, 30, 7, 31, 1, '75', '100'),
(3199, 30, 7, 32, 1, '100', '100'),
(3200, 30, 7, 33, 1, '100', '100'),
(3201, 30, 7, 34, 1, '75', '100'),
(3202, 30, 7, 35, 1, '100', '100'),
(3203, 30, 7, 36, 1, '100', '100'),
(3204, 30, 7, 37, 1, '100', '100'),
(3205, 30, 7, 38, 1, '50', '100'),
(3206, 30, 7, 39, 1, '75', '100'),
(3207, 31, 7, 29, 1, '100', '100'),
(3208, 31, 7, 30, 1, '75', '100'),
(3209, 31, 7, 31, 1, '25', '100'),
(3210, 31, 7, 32, 1, '100', '100'),
(3211, 31, 7, 33, 1, '0', '100'),
(3212, 31, 7, 34, 1, '75', '100'),
(3213, 31, 7, 35, 1, '100', '100'),
(3214, 31, 7, 36, 1, '100', '100'),
(3215, 31, 7, 37, 1, '25', '100'),
(3216, 31, 7, 38, 1, '25', '100'),
(3217, 31, 7, 39, 1, '75', '100'),
(3218, 32, 7, 29, 1, '25', '100'),
(3219, 32, 7, 30, 1, '50', '100'),
(3220, 32, 7, 31, 1, '100', '100'),
(3221, 32, 7, 32, 1, '100', '100'),
(3222, 32, 7, 33, 1, '75', '100'),
(3223, 32, 7, 34, 1, '75', '100'),
(3224, 32, 7, 35, 1, '100', '100'),
(3225, 32, 7, 36, 1, '75', '100'),
(3226, 32, 7, 37, 1, '100', '100'),
(3227, 32, 7, 38, 1, '100', '100'),
(3228, 32, 7, 39, 1, '100', '100'),
(3229, 33, 7, 29, 1, '25', '100'),
(3230, 33, 7, 30, 1, '100', '100'),
(3231, 33, 7, 31, 1, '25', '100'),
(3232, 33, 7, 32, 1, '100', '100'),
(3233, 33, 7, 33, 1, '75', '100'),
(3234, 33, 7, 34, 1, '75', '100'),
(3235, 33, 7, 35, 1, '100', '100'),
(3236, 33, 7, 36, 1, '75', '100'),
(3237, 33, 7, 37, 1, '100', '100'),
(3238, 33, 7, 38, 1, '100', '100'),
(3239, 33, 7, 39, 1, '75', '100'),
(3240, 34, 7, 29, 1, '100', '100'),
(3241, 34, 7, 30, 1, '50', '100'),
(3242, 34, 7, 31, 1, '25', '100'),
(3243, 34, 7, 32, 1, '100', '100'),
(3244, 34, 7, 33, 1, '100', '100'),
(3245, 34, 7, 34, 1, '100', '100'),
(3246, 34, 7, 35, 1, '25', '100'),
(3247, 34, 7, 36, 1, '75', '100'),
(3248, 34, 7, 37, 1, '0', '100'),
(3249, 34, 7, 38, 1, '75', '100'),
(3250, 34, 7, 39, 1, '100', '100'),
(3251, 35, 7, 29, 1, '100', '100'),
(3252, 35, 7, 30, 1, '75', '100'),
(3253, 35, 7, 31, 1, '25', '100'),
(3254, 35, 7, 32, 1, '100', '100'),
(3255, 35, 7, 33, 1, '75', '100'),
(3256, 35, 7, 34, 1, '50', '100'),
(3257, 35, 7, 35, 1, '50', '100'),
(3258, 35, 7, 36, 1, '75', '100'),
(3259, 35, 7, 37, 1, '100', '100'),
(3260, 35, 7, 38, 1, '75', '100'),
(3261, 35, 7, 39, 1, '100', '100'),
(3262, 36, 7, 29, 1, '100', '100'),
(3263, 36, 7, 30, 1, '100', '100'),
(3264, 36, 7, 31, 1, '75', '100'),
(3265, 36, 7, 32, 1, '50', '100'),
(3266, 36, 7, 33, 1, '100', '100'),
(3267, 36, 7, 34, 1, '25', '100'),
(3268, 36, 7, 35, 1, '100', '100'),
(3269, 36, 7, 36, 1, '25', '100'),
(3270, 36, 7, 37, 1, '100', '100'),
(3271, 36, 7, 38, 1, '0', '100'),
(3272, 36, 7, 39, 1, '50', '100'),
(3273, 37, 7, 29, 1, '100', '50'),
(3274, 37, 7, 30, 1, '50', '50'),
(3275, 37, 7, 31, 1, '75', '50'),
(3276, 37, 7, 32, 1, '100', '50'),
(3277, 37, 7, 33, 1, '75', '50'),
(3278, 37, 7, 34, 1, '25', '50'),
(3279, 37, 7, 35, 1, '50', '50'),
(3280, 37, 7, 36, 1, '100', '50'),
(3281, 37, 7, 37, 1, '100', '50'),
(3282, 37, 7, 38, 1, '75', '50'),
(3283, 37, 7, 39, 1, '75', '50'),
(3284, 38, 7, 29, 1, '25', '50'),
(3285, 38, 7, 30, 1, '100', '50'),
(3286, 38, 7, 31, 1, '50', '50'),
(3287, 38, 7, 32, 1, '100', '50'),
(3288, 38, 7, 33, 1, '100', '50'),
(3289, 38, 7, 34, 1, '100', '50'),
(3290, 38, 7, 35, 1, '25', '50'),
(3291, 38, 7, 36, 1, '50', '50'),
(3292, 38, 7, 37, 1, '100', '50'),
(3293, 38, 7, 38, 1, '100', '50'),
(3294, 38, 7, 39, 1, '75', '50'),
(3295, 39, 7, 29, 1, '50', '50'),
(3296, 39, 7, 30, 1, '25', '50'),
(3297, 39, 7, 31, 1, '100', '50'),
(3298, 39, 7, 32, 1, '75', '50'),
(3299, 39, 7, 33, 1, '100', '50'),
(3300, 39, 7, 34, 1, '100', '50'),
(3301, 39, 7, 35, 1, '75', '50'),
(3302, 39, 7, 36, 1, '25', '50'),
(3303, 39, 7, 37, 1, '75', '50'),
(3304, 39, 7, 38, 1, '0', '50'),
(3305, 39, 7, 39, 1, '100', '50'),
(3306, 40, 7, 29, 1, '100', '25'),
(3307, 40, 7, 30, 1, '50', '25'),
(3308, 40, 7, 31, 1, '75', '25'),
(3309, 40, 7, 32, 1, '100', '25'),
(3310, 40, 7, 33, 1, '75', '25'),
(3311, 40, 7, 34, 1, '25', '25'),
(3312, 40, 7, 35, 1, '100', '25'),
(3313, 40, 7, 36, 1, '0', '25'),
(3314, 40, 7, 37, 1, '50', '25'),
(3315, 40, 7, 38, 1, '75', '25'),
(3316, 40, 7, 39, 1, '0', '25'),
(3317, 41, 7, 29, 1, '25', '25'),
(3318, 41, 7, 30, 1, '100', '25'),
(3319, 41, 7, 31, 1, '25', '25'),
(3320, 41, 7, 32, 1, '50', '25'),
(3321, 41, 7, 33, 1, '100', '25'),
(3322, 41, 7, 34, 1, '50', '25'),
(3323, 41, 7, 35, 1, '100', '25'),
(3324, 41, 7, 36, 1, '75', '25'),
(3325, 41, 7, 37, 1, '50', '25'),
(3326, 41, 7, 38, 1, '50', '25'),
(3327, 41, 7, 39, 1, '50', '25'),
(3328, 42, 7, 29, 1, '0', '25'),
(3329, 42, 7, 30, 1, '100', '25'),
(3330, 42, 7, 31, 1, '25', '25'),
(3331, 42, 7, 32, 1, '50', '25'),
(3332, 42, 7, 33, 1, '100', '25'),
(3333, 42, 7, 34, 1, '25', '25'),
(3334, 42, 7, 35, 1, '0', '25'),
(3335, 42, 7, 36, 1, '100', '25'),
(3336, 42, 7, 37, 1, '100', '25'),
(3337, 42, 7, 38, 1, '50', '25'),
(3338, 42, 7, 39, 1, '75', '25'),
(3339, 43, 7, 29, 1, '100', '50'),
(3340, 43, 7, 30, 1, '25', '50'),
(3341, 43, 7, 31, 1, '75', '50'),
(3342, 43, 7, 32, 1, '75', '50'),
(3343, 43, 7, 33, 1, '100', '50'),
(3344, 43, 7, 34, 1, '75', '50'),
(3345, 43, 7, 35, 1, '75', '50'),
(3346, 43, 7, 36, 1, '100', '50'),
(3347, 43, 7, 37, 1, '75', '50'),
(3348, 43, 7, 38, 1, '100', '50'),
(3349, 43, 7, 39, 1, '100', '50'),
(3350, 44, 7, 29, 1, '100', '50'),
(3351, 44, 7, 30, 1, '25', '50'),
(3352, 44, 7, 31, 1, '75', '50'),
(3353, 44, 7, 32, 1, '75', '50'),
(3354, 44, 7, 33, 1, '100', '50'),
(3355, 44, 7, 34, 1, '75', '50'),
(3356, 44, 7, 35, 1, '75', '50'),
(3357, 44, 7, 36, 1, '100', '50'),
(3358, 44, 7, 37, 1, '75', '50'),
(3359, 44, 7, 38, 1, '100', '50'),
(3360, 44, 7, 39, 1, '100', '50'),
(3361, 45, 7, 29, 1, '100', '50'),
(3362, 45, 7, 30, 1, '100', '50'),
(3363, 45, 7, 31, 1, '50', '50'),
(3364, 45, 7, 32, 1, '50', '50'),
(3365, 45, 7, 33, 1, '75', '50'),
(3366, 45, 7, 34, 1, '100', '50'),
(3367, 45, 7, 35, 1, '75', '50'),
(3368, 45, 7, 36, 1, '75', '50'),
(3369, 45, 7, 37, 1, '75', '50'),
(3370, 45, 7, 38, 1, '50', '50'),
(3371, 45, 7, 39, 1, '100', '50'),
(3372, 46, 7, 29, 1, '100', '25'),
(3373, 46, 7, 30, 1, '50', '25'),
(3374, 46, 7, 31, 1, '25', '25'),
(3375, 46, 7, 32, 1, '100', '25'),
(3376, 46, 7, 33, 1, '100', '25'),
(3377, 46, 7, 34, 1, '50', '25'),
(3378, 46, 7, 35, 1, '75', '25'),
(3379, 46, 7, 36, 1, '50', '25'),
(3380, 46, 7, 37, 1, '100', '25'),
(3381, 46, 7, 38, 1, '50', '25'),
(3382, 46, 7, 39, 1, '100', '25'),
(3383, 47, 7, 29, 1, '75', '25'),
(3384, 47, 7, 30, 1, '100', '25'),
(3385, 47, 7, 31, 1, '100', '25'),
(3386, 47, 7, 32, 1, '100', '25'),
(3387, 47, 7, 33, 1, '50', '25'),
(3388, 47, 7, 34, 1, '25', '25'),
(3389, 47, 7, 35, 1, '100', '25'),
(3390, 47, 7, 36, 1, '100', '25'),
(3391, 47, 7, 37, 1, '75', '25'),
(3392, 47, 7, 38, 1, '50', '25'),
(3393, 47, 7, 39, 1, '25', '25'),
(3394, 48, 7, 29, 1, '100', '25'),
(3395, 48, 7, 30, 1, '75', '25'),
(3396, 48, 7, 31, 1, '100', '25'),
(3397, 48, 7, 32, 1, '75', '25'),
(3398, 48, 7, 33, 1, '100', '25'),
(3399, 48, 7, 34, 1, '75', '25'),
(3400, 48, 7, 35, 1, '50', '25'),
(3401, 48, 7, 36, 1, '100', '25'),
(3402, 48, 7, 37, 1, '75', '25'),
(3403, 48, 7, 38, 1, '75', '25'),
(3404, 48, 7, 39, 1, '75', '25'),
(3405, 49, 7, 29, 1, '75', '25'),
(3406, 49, 7, 30, 1, '75', '25'),
(3407, 49, 7, 31, 1, '100', '25'),
(3408, 49, 7, 32, 1, '75', '25'),
(3409, 49, 7, 33, 1, '100', '25'),
(3410, 49, 7, 34, 1, '100', '25'),
(3411, 49, 7, 35, 1, '100', '25'),
(3412, 49, 7, 36, 1, '75', '25'),
(3413, 49, 7, 37, 1, '100', '25'),
(3414, 49, 7, 38, 1, '100', '25'),
(3415, 49, 7, 39, 1, '100', '25'),
(3416, 50, 7, 29, 1, '100', '100'),
(3417, 50, 7, 30, 1, '75', '100'),
(3418, 50, 7, 31, 1, '100', '100'),
(3419, 50, 7, 32, 1, '50', '100'),
(3420, 50, 7, 33, 1, '100', '100'),
(3421, 50, 7, 34, 1, '100', '100'),
(3422, 50, 7, 35, 1, '100', '100'),
(3423, 50, 7, 36, 1, '75', '100'),
(3424, 50, 7, 37, 1, '100', '100'),
(3425, 50, 7, 38, 1, '100', '100'),
(3426, 50, 7, 39, 1, '75', '100');
INSERT INTO `encuesta_calculo` (`idencuesta_calculo`, `pregunta_idpregunta`, `periodo_idperiodo`, `encuesta_idencuesta`, `usuario_idusuario`, `resultado`, `evidencia`) VALUES
(3427, 51, 7, 29, 1, '100', '100'),
(3428, 51, 7, 30, 1, '75', '100'),
(3429, 51, 7, 31, 1, '75', '100'),
(3430, 51, 7, 32, 1, '75', '100'),
(3431, 51, 7, 33, 1, '100', '100'),
(3432, 51, 7, 34, 1, '50', '100'),
(3433, 51, 7, 35, 1, '100', '100'),
(3434, 51, 7, 36, 1, '100', '100'),
(3435, 51, 7, 37, 1, '100', '100'),
(3436, 51, 7, 38, 1, '75', '100'),
(3437, 51, 7, 39, 1, '100', '100'),
(3438, 52, 7, 29, 1, '100', '100'),
(3439, 52, 7, 30, 1, '50', '100'),
(3440, 52, 7, 31, 1, '75', '100'),
(3441, 52, 7, 32, 1, '75', '100'),
(3442, 52, 7, 33, 1, '100', '100'),
(3443, 52, 7, 34, 1, '50', '100'),
(3444, 52, 7, 35, 1, '50', '100'),
(3445, 52, 7, 36, 1, '100', '100'),
(3446, 52, 7, 37, 1, '100', '100'),
(3447, 52, 7, 38, 1, '25', '100'),
(3448, 52, 7, 39, 1, '100', '100'),
(3449, 53, 7, 29, 1, '75', '100'),
(3450, 53, 7, 30, 1, '100', '100'),
(3451, 53, 7, 31, 1, '50', '100'),
(3452, 53, 7, 32, 1, '100', '100'),
(3453, 53, 7, 33, 1, '75', '100'),
(3454, 53, 7, 34, 1, '100', '100'),
(3455, 53, 7, 35, 1, '75', '100'),
(3456, 53, 7, 36, 1, '100', '100'),
(3457, 53, 7, 37, 1, '100', '100'),
(3458, 53, 7, 38, 1, '50', '100'),
(3459, 53, 7, 39, 1, '25', '100'),
(3460, 54, 7, 29, 1, '75', '100'),
(3461, 54, 7, 30, 1, '25', '100'),
(3462, 54, 7, 31, 1, '75', '100'),
(3463, 54, 7, 32, 1, '100', '100'),
(3464, 54, 7, 33, 1, '50', '100'),
(3465, 54, 7, 34, 1, '50', '100'),
(3466, 54, 7, 35, 1, '75', '100'),
(3467, 54, 7, 36, 1, '100', '100'),
(3468, 54, 7, 37, 1, '25', '100'),
(3469, 54, 7, 38, 1, '100', '100'),
(3470, 54, 7, 39, 1, '100', '100'),
(3471, 55, 7, 29, 1, '50', '100'),
(3472, 55, 7, 30, 1, '50', '100'),
(3473, 55, 7, 31, 1, '75', '100'),
(3474, 55, 7, 32, 1, '100', '100'),
(3475, 55, 7, 33, 1, '50', '100'),
(3476, 55, 7, 34, 1, '75', '100'),
(3477, 55, 7, 35, 1, '75', '100'),
(3478, 55, 7, 36, 1, '100', '100'),
(3479, 55, 7, 37, 1, '75', '100'),
(3480, 55, 7, 38, 1, '100', '100'),
(3481, 55, 7, 39, 1, '100', '100'),
(3482, 56, 7, 29, 1, '100', '100'),
(3483, 56, 7, 30, 1, '100', '100'),
(3484, 56, 7, 31, 1, '25', '100'),
(3485, 56, 7, 32, 1, '75', '100'),
(3486, 56, 7, 33, 1, '50', '100'),
(3487, 56, 7, 34, 1, '25', '100'),
(3488, 56, 7, 35, 1, '50', '100'),
(3489, 56, 7, 36, 1, '25', '100'),
(3490, 56, 7, 37, 1, '100', '100'),
(3491, 56, 7, 38, 1, '25', '100'),
(3492, 56, 7, 39, 1, '50', '100'),
(3493, 57, 7, 29, 1, '100', '100'),
(3494, 57, 7, 30, 1, '100', '100'),
(3495, 57, 7, 31, 1, '50', '100'),
(3496, 57, 7, 32, 1, '50', '100'),
(3497, 57, 7, 33, 1, '100', '100'),
(3498, 57, 7, 34, 1, '50', '100'),
(3499, 57, 7, 35, 1, '75', '100'),
(3500, 57, 7, 36, 1, '25', '100'),
(3501, 57, 7, 37, 1, '100', '100'),
(3502, 57, 7, 38, 1, '25', '100'),
(3503, 57, 7, 39, 1, '75', '100'),
(3504, 58, 7, 29, 1, '100', '100'),
(3505, 58, 7, 30, 1, '75', '100'),
(3506, 58, 7, 31, 1, '100', '100'),
(3507, 58, 7, 32, 1, '100', '100'),
(3508, 58, 7, 33, 1, '100', '100'),
(3509, 58, 7, 34, 1, '50', '100'),
(3510, 58, 7, 35, 1, '50', '100'),
(3511, 58, 7, 36, 1, '100', '100'),
(3512, 58, 7, 37, 1, '50', '100'),
(3513, 58, 7, 38, 1, '100', '100'),
(3514, 58, 7, 39, 1, '75', '100'),
(3515, 59, 7, 29, 1, '100', '100'),
(3516, 59, 7, 30, 1, '75', '100'),
(3517, 59, 7, 31, 1, '100', '100'),
(3518, 59, 7, 32, 1, '100', '100'),
(3519, 59, 7, 33, 1, '100', '100'),
(3520, 59, 7, 34, 1, '25', '100'),
(3521, 59, 7, 35, 1, '75', '100'),
(3522, 59, 7, 36, 1, '100', '100'),
(3523, 59, 7, 37, 1, '75', '100'),
(3524, 59, 7, 38, 1, '75', '100'),
(3525, 59, 7, 39, 1, '75', '100'),
(3526, 60, 7, 29, 1, '50', '50'),
(3527, 60, 7, 30, 1, '75', '50'),
(3528, 60, 7, 31, 1, '100', '50'),
(3529, 60, 7, 32, 1, '50', '50'),
(3530, 60, 7, 33, 1, '100', '50'),
(3531, 60, 7, 34, 1, '100', '50'),
(3532, 60, 7, 35, 1, '75', '50'),
(3533, 60, 7, 36, 1, '25', '50'),
(3534, 60, 7, 37, 1, '75', '50'),
(3535, 60, 7, 38, 1, '100', '50'),
(3536, 60, 7, 39, 1, '25', '50'),
(3537, 61, 7, 29, 1, '50', '50'),
(3538, 61, 7, 30, 1, '75', '50'),
(3539, 61, 7, 31, 1, '75', '50'),
(3540, 61, 7, 32, 1, '100', '50'),
(3541, 61, 7, 33, 1, '50', '50'),
(3542, 61, 7, 34, 1, '100', '50'),
(3543, 61, 7, 35, 1, '100', '50'),
(3544, 61, 7, 36, 1, '50', '50'),
(3545, 61, 7, 37, 1, '25', '50'),
(3546, 61, 7, 38, 1, '75', '50'),
(3547, 61, 7, 39, 1, '100', '50'),
(3548, 62, 7, 29, 1, '100', '50'),
(3549, 62, 7, 30, 1, '100', '50'),
(3550, 62, 7, 31, 1, '100', '50'),
(3551, 62, 7, 32, 1, '75', '50'),
(3552, 62, 7, 33, 1, '100', '50'),
(3553, 62, 7, 34, 1, '50', '50'),
(3554, 62, 7, 35, 1, '100', '50'),
(3555, 62, 7, 36, 1, '100', '50'),
(3556, 62, 7, 37, 1, '50', '50'),
(3557, 62, 7, 38, 1, '50', '50'),
(3558, 62, 7, 39, 1, '100', '50'),
(3559, 63, 7, 29, 1, '100', '100'),
(3560, 63, 7, 30, 1, '50', '100'),
(3561, 63, 7, 31, 1, '100', '100'),
(3562, 63, 7, 32, 1, '25', '100'),
(3563, 63, 7, 33, 1, '25', '100'),
(3564, 63, 7, 34, 1, '75', '100'),
(3565, 63, 7, 35, 1, '100', '100'),
(3566, 63, 7, 36, 1, '100', '100'),
(3567, 63, 7, 37, 1, '50', '100'),
(3568, 63, 7, 38, 1, '25', '100'),
(3569, 63, 7, 39, 1, '75', '100'),
(3570, 64, 7, 29, 1, '25', '100'),
(3571, 64, 7, 30, 1, '50', '100'),
(3572, 64, 7, 31, 1, '100', '100'),
(3573, 64, 7, 32, 1, '50', '100'),
(3574, 64, 7, 33, 1, '100', '100'),
(3575, 64, 7, 34, 1, '25', '100'),
(3576, 64, 7, 35, 1, '0', '100'),
(3577, 64, 7, 36, 1, '75', '100'),
(3578, 64, 7, 37, 1, '50', '100'),
(3579, 64, 7, 38, 1, '0', '100'),
(3580, 64, 7, 39, 1, '25', '100'),
(3581, 65, 7, 29, 1, '100', '100'),
(3582, 65, 7, 30, 1, '25', '100'),
(3583, 65, 7, 31, 1, '75', '100'),
(3584, 65, 7, 32, 1, '100', '100'),
(3585, 65, 7, 33, 1, '50', '100'),
(3586, 65, 7, 34, 1, '100', '100'),
(3587, 65, 7, 35, 1, '25', '100'),
(3588, 65, 7, 36, 1, '100', '100'),
(3589, 65, 7, 37, 1, '75', '100'),
(3590, 65, 7, 38, 1, '100', '100'),
(3591, 65, 7, 39, 1, '25', '100'),
(3592, 66, 7, 29, 1, '100', '100'),
(3593, 66, 7, 30, 1, '50', '100'),
(3594, 66, 7, 31, 1, '0', '100'),
(3595, 66, 7, 32, 1, '75', '100'),
(3596, 66, 7, 33, 1, '100', '100'),
(3597, 66, 7, 34, 1, '50', '100'),
(3598, 66, 7, 35, 1, '75', '100'),
(3599, 66, 7, 36, 1, '25', '100'),
(3600, 66, 7, 37, 1, '100', '100'),
(3601, 66, 7, 38, 1, '75', '100'),
(3602, 66, 7, 39, 1, '100', '100'),
(3603, 67, 7, 29, 1, '100', '100'),
(3604, 67, 7, 30, 1, '75', '100'),
(3605, 67, 7, 31, 1, '25', '100'),
(3606, 67, 7, 32, 1, '50', '100'),
(3607, 67, 7, 33, 1, '100', '100'),
(3608, 67, 7, 34, 1, '50', '100'),
(3609, 67, 7, 35, 1, '75', '100'),
(3610, 67, 7, 36, 1, '75', '100'),
(3611, 67, 7, 37, 1, '0', '100'),
(3612, 67, 7, 38, 1, '75', '100'),
(3613, 67, 7, 39, 1, '25', '100'),
(3614, 68, 7, 29, 1, '100', '100'),
(3615, 68, 7, 30, 1, '100', '100'),
(3616, 68, 7, 31, 1, '75', '100'),
(3617, 68, 7, 32, 1, '25', '100'),
(3618, 68, 7, 33, 1, '50', '100'),
(3619, 68, 7, 34, 1, '100', '100'),
(3620, 68, 7, 35, 1, '50', '100'),
(3621, 68, 7, 36, 1, '50', '100'),
(3622, 68, 7, 37, 1, '25', '100'),
(3623, 68, 7, 38, 1, '100', '100'),
(3624, 68, 7, 39, 1, '75', '100'),
(3625, 69, 7, 29, 1, '0', '100'),
(3626, 69, 7, 30, 1, '50', '100'),
(3627, 69, 7, 31, 1, '50', '100'),
(3628, 69, 7, 32, 1, '100', '100'),
(3629, 69, 7, 33, 1, '100', '100'),
(3630, 69, 7, 34, 1, '25', '100'),
(3631, 69, 7, 35, 1, '75', '100'),
(3632, 69, 7, 36, 1, '25', '100'),
(3633, 69, 7, 37, 1, '50', '100'),
(3634, 69, 7, 38, 1, '50', '100'),
(3635, 69, 7, 39, 1, '25', '100'),
(3636, 70, 7, 29, 1, '25', '100'),
(3637, 70, 7, 30, 1, '0', '100'),
(3638, 70, 7, 31, 1, '50', '100'),
(3639, 70, 7, 32, 1, '50', '100'),
(3640, 70, 7, 33, 1, '100', '100'),
(3641, 70, 7, 34, 1, '100', '100'),
(3642, 70, 7, 35, 1, '25', '100'),
(3643, 70, 7, 36, 1, '75', '100'),
(3644, 70, 7, 37, 1, '25', '100'),
(3645, 70, 7, 38, 1, '50', '100'),
(3646, 70, 7, 39, 1, '75', '100'),
(3647, 71, 7, 29, 1, '75', '100'),
(3648, 71, 7, 30, 1, '25', '100'),
(3649, 71, 7, 31, 1, '50', '100'),
(3650, 71, 7, 32, 1, '50', '100'),
(3651, 71, 7, 33, 1, '100', '100'),
(3652, 71, 7, 34, 1, '100', '100'),
(3653, 71, 7, 35, 1, '50', '100'),
(3654, 71, 7, 36, 1, '25', '100'),
(3655, 71, 7, 37, 1, '50', '100'),
(3656, 71, 7, 38, 1, '75', '100'),
(3657, 71, 7, 39, 1, '50', '100'),
(3658, 72, 7, 29, 1, '50', '75'),
(3659, 72, 7, 30, 1, '75', '75'),
(3660, 72, 7, 31, 1, '75', '75'),
(3661, 72, 7, 32, 1, '50', '75'),
(3662, 72, 7, 33, 1, '50', '75'),
(3663, 72, 7, 34, 1, '75', '75'),
(3664, 72, 7, 35, 1, '100', '75'),
(3665, 72, 7, 36, 1, '100', '75'),
(3666, 72, 7, 37, 1, '25', '75'),
(3667, 72, 7, 38, 1, '75', '75'),
(3668, 72, 7, 39, 1, '75', '75'),
(3669, 73, 7, 29, 1, '100', '75'),
(3670, 73, 7, 30, 1, '50', '75'),
(3671, 73, 7, 31, 1, '75', '75'),
(3672, 73, 7, 32, 1, '75', '75'),
(3673, 73, 7, 33, 1, '25', '75'),
(3674, 73, 7, 34, 1, '75', '75'),
(3675, 73, 7, 35, 1, '100', '75'),
(3676, 73, 7, 36, 1, '100', '75'),
(3677, 73, 7, 37, 1, '100', '75'),
(3678, 73, 7, 38, 1, '50', '75'),
(3679, 73, 7, 39, 1, '75', '75'),
(3680, 74, 7, 29, 1, '75', '75'),
(3681, 74, 7, 30, 1, '0', '75'),
(3682, 74, 7, 31, 1, '75', '75'),
(3683, 74, 7, 32, 1, '75', '75'),
(3684, 74, 7, 33, 1, '100', '75'),
(3685, 74, 7, 34, 1, '75', '75'),
(3686, 74, 7, 35, 1, '100', '75'),
(3687, 74, 7, 36, 1, '100', '75'),
(3688, 74, 7, 37, 1, '100', '75'),
(3689, 74, 7, 38, 1, '25', '75'),
(3690, 74, 7, 39, 1, '75', '75'),
(3691, 75, 7, 29, 1, '50', '75'),
(3692, 75, 7, 30, 1, '25', '75'),
(3693, 75, 7, 31, 1, '75', '75'),
(3694, 75, 7, 32, 1, '75', '75'),
(3695, 75, 7, 33, 1, '50', '75'),
(3696, 75, 7, 34, 1, '75', '75'),
(3697, 75, 7, 35, 1, '75', '75'),
(3698, 75, 7, 36, 1, '100', '75'),
(3699, 75, 7, 37, 1, '75', '75'),
(3700, 75, 7, 38, 1, '100', '75'),
(3701, 75, 7, 39, 1, '100', '75'),
(3702, 76, 7, 29, 1, '100', '75'),
(3703, 76, 7, 30, 1, '50', '75'),
(3704, 76, 7, 31, 1, '50', '75'),
(3705, 76, 7, 32, 1, '100', '75'),
(3706, 76, 7, 33, 1, '100', '75'),
(3707, 76, 7, 34, 1, '100', '75'),
(3708, 76, 7, 35, 1, '25', '75'),
(3709, 76, 7, 36, 1, '100', '75'),
(3710, 76, 7, 37, 1, '50', '75'),
(3711, 76, 7, 38, 1, '100', '75'),
(3712, 76, 7, 39, 1, '100', '75'),
(3713, 77, 7, 29, 1, '100', '75'),
(3714, 77, 7, 30, 1, '100', '75'),
(3715, 77, 7, 31, 1, '25', '75'),
(3716, 77, 7, 32, 1, '75', '75'),
(3717, 77, 7, 33, 1, '100', '75'),
(3718, 77, 7, 34, 1, '100', '75'),
(3719, 77, 7, 35, 1, '100', '75'),
(3720, 77, 7, 36, 1, '25', '75'),
(3721, 77, 7, 37, 1, '100', '75'),
(3722, 77, 7, 38, 1, '75', '75'),
(3723, 77, 7, 39, 1, '100', '75'),
(3724, 78, 7, 29, 1, '100', '50'),
(3725, 78, 7, 30, 1, '75', '50'),
(3726, 78, 7, 31, 1, '75', '50'),
(3727, 78, 7, 32, 1, '75', '50'),
(3728, 78, 7, 33, 1, '75', '50'),
(3729, 78, 7, 34, 1, '75', '50'),
(3730, 78, 7, 35, 1, '100', '50'),
(3731, 78, 7, 36, 1, '75', '50'),
(3732, 78, 7, 37, 1, '100', '50'),
(3733, 78, 7, 38, 1, '75', '50'),
(3734, 78, 7, 39, 1, '100', '50'),
(3735, 79, 7, 29, 1, '25', '50'),
(3736, 79, 7, 30, 1, '75', '50'),
(3737, 79, 7, 31, 1, '100', '50'),
(3738, 79, 7, 32, 1, '75', '50'),
(3739, 79, 7, 33, 1, '25', '50'),
(3740, 79, 7, 34, 1, '75', '50'),
(3741, 79, 7, 35, 1, '75', '50'),
(3742, 79, 7, 36, 1, '75', '50'),
(3743, 79, 7, 37, 1, '25', '50'),
(3744, 79, 7, 38, 1, '25', '50'),
(3745, 79, 7, 39, 1, '25', '50'),
(3746, 80, 7, 29, 1, '0', '50'),
(3747, 80, 7, 30, 1, '25', '50'),
(3748, 80, 7, 31, 1, '100', '50'),
(3749, 80, 7, 32, 1, '100', '50'),
(3750, 80, 7, 33, 1, '75', '50'),
(3751, 80, 7, 34, 1, '75', '50'),
(3752, 80, 7, 35, 1, '75', '50'),
(3753, 80, 7, 36, 1, '75', '50'),
(3754, 80, 7, 37, 1, '0', '50'),
(3755, 80, 7, 38, 1, '75', '50'),
(3756, 80, 7, 39, 1, '25', '50'),
(3757, 81, 7, 29, 1, '25', '50'),
(3758, 81, 7, 30, 1, '75', '50'),
(3759, 81, 7, 31, 1, '0', '50'),
(3760, 81, 7, 32, 1, '75', '50'),
(3761, 81, 7, 33, 1, '100', '50'),
(3762, 81, 7, 34, 1, '0', '50'),
(3763, 81, 7, 35, 1, '75', '50'),
(3764, 81, 7, 36, 1, '75', '50'),
(3765, 81, 7, 37, 1, '75', '50'),
(3766, 81, 7, 38, 1, '75', '50'),
(3767, 81, 7, 39, 1, '100', '50'),
(3768, 82, 7, 29, 1, '0', '50'),
(3769, 82, 7, 30, 1, '75', '50'),
(3770, 82, 7, 31, 1, '0', '50'),
(3771, 82, 7, 32, 1, '75', '50'),
(3772, 82, 7, 33, 1, '75', '50'),
(3773, 82, 7, 34, 1, '0', '50'),
(3774, 82, 7, 35, 1, '75', '50'),
(3775, 82, 7, 36, 1, '75', '50'),
(3776, 82, 7, 37, 1, '75', '50'),
(3777, 82, 7, 38, 1, '100', '50'),
(3778, 82, 7, 39, 1, '75', '50'),
(3779, 83, 7, 29, 1, '100', '50'),
(3780, 83, 7, 30, 1, '75', '50'),
(3781, 83, 7, 31, 1, '0', '50'),
(3782, 83, 7, 32, 1, '25', '50'),
(3783, 83, 7, 33, 1, '0', '50'),
(3784, 83, 7, 34, 1, '75', '50'),
(3785, 83, 7, 35, 1, '75', '50'),
(3786, 83, 7, 36, 1, '0', '50'),
(3787, 83, 7, 37, 1, '75', '50'),
(3788, 83, 7, 38, 1, '25', '50'),
(3789, 83, 7, 39, 1, '75', '50'),
(3790, 84, 7, 29, 1, '25', '50'),
(3791, 84, 7, 30, 1, '100', '50'),
(3792, 84, 7, 31, 1, '0', '50'),
(3793, 84, 7, 32, 1, '25', '50'),
(3794, 84, 7, 33, 1, '0', '50'),
(3795, 84, 7, 34, 1, '25', '50'),
(3796, 84, 7, 35, 1, '75', '50'),
(3797, 84, 7, 36, 1, '0', '50'),
(3798, 84, 7, 37, 1, '0', '50'),
(3799, 84, 7, 38, 1, '0', '50'),
(3800, 84, 7, 39, 1, '25', '50'),
(3801, 85, 7, 29, 1, '25', '50'),
(3802, 85, 7, 30, 1, '75', '50'),
(3803, 85, 7, 31, 1, '75', '50'),
(3804, 85, 7, 32, 1, '0', '50'),
(3805, 85, 7, 33, 1, '25', '50'),
(3806, 85, 7, 34, 1, '0', '50'),
(3807, 85, 7, 35, 1, '75', '50'),
(3808, 85, 7, 36, 1, '75', '50'),
(3809, 85, 7, 37, 1, '0', '50'),
(3810, 85, 7, 38, 1, '75', '50'),
(3811, 85, 7, 39, 1, '0', '50'),
(3812, 86, 7, 29, 1, '75', '75'),
(3813, 86, 7, 30, 1, '75', '75'),
(3814, 86, 7, 31, 1, '75', '75'),
(3815, 86, 7, 32, 1, '100', '75'),
(3816, 86, 7, 33, 1, '75', '75'),
(3817, 86, 7, 34, 1, '75', '75'),
(3818, 86, 7, 35, 1, '25', '75'),
(3819, 86, 7, 36, 1, '0', '75'),
(3820, 86, 7, 37, 1, '25', '75'),
(3821, 86, 7, 38, 1, '25', '75'),
(3822, 86, 7, 39, 1, '100', '75'),
(3823, 87, 7, 29, 1, '25', '75'),
(3824, 87, 7, 30, 1, '75', '75'),
(3825, 87, 7, 31, 1, '75', '75'),
(3826, 87, 7, 32, 1, '100', '75'),
(3827, 87, 7, 33, 1, '75', '75'),
(3828, 87, 7, 34, 1, '75', '75'),
(3829, 87, 7, 35, 1, '75', '75'),
(3830, 87, 7, 36, 1, '0', '75'),
(3831, 87, 7, 37, 1, '75', '75'),
(3832, 87, 7, 38, 1, '75', '75'),
(3833, 87, 7, 39, 1, '100', '75'),
(3834, 88, 7, 29, 1, '100', '75'),
(3835, 88, 7, 30, 1, '25', '75'),
(3836, 88, 7, 31, 1, '75', '75'),
(3837, 88, 7, 32, 1, '75', '75'),
(3838, 88, 7, 33, 1, '75', '75'),
(3839, 88, 7, 34, 1, '75', '75'),
(3840, 88, 7, 35, 1, '0', '75'),
(3841, 88, 7, 36, 1, '75', '75'),
(3842, 88, 7, 37, 1, '0', '75'),
(3843, 88, 7, 38, 1, '75', '75'),
(3844, 88, 7, 39, 1, '75', '75'),
(3845, 89, 7, 29, 1, '100', '75'),
(3846, 89, 7, 30, 1, '25', '75'),
(3847, 89, 7, 31, 1, '25', '75'),
(3848, 89, 7, 32, 1, '75', '75'),
(3849, 89, 7, 33, 1, '75', '75'),
(3850, 89, 7, 34, 1, '75', '75'),
(3851, 89, 7, 35, 1, '0', '75'),
(3852, 89, 7, 36, 1, '25', '75'),
(3853, 89, 7, 37, 1, '0', '75'),
(3854, 89, 7, 38, 1, '75', '75'),
(3855, 89, 7, 39, 1, '0', '75'),
(3856, 90, 7, 29, 1, '0', '75'),
(3857, 90, 7, 30, 1, '100', '75'),
(3858, 90, 7, 31, 1, '25', '75'),
(3859, 90, 7, 32, 1, '75', '75'),
(3860, 90, 7, 33, 1, '25', '75'),
(3861, 90, 7, 34, 1, '75', '75'),
(3862, 90, 7, 35, 1, '25', '75'),
(3863, 90, 7, 36, 1, '0', '75'),
(3864, 90, 7, 37, 1, '75', '75'),
(3865, 90, 7, 38, 1, '0', '75'),
(3866, 90, 7, 39, 1, '25', '75'),
(3867, 91, 7, 29, 1, '0', '75'),
(3868, 91, 7, 30, 1, '75', '75'),
(3869, 91, 7, 31, 1, '0', '75'),
(3870, 91, 7, 32, 1, '100', '75'),
(3871, 91, 7, 33, 1, '25', '75'),
(3872, 91, 7, 34, 1, '75', '75'),
(3873, 91, 7, 35, 1, '75', '75'),
(3874, 91, 7, 36, 1, '75', '75'),
(3875, 91, 7, 37, 1, '75', '75'),
(3876, 91, 7, 38, 1, '0', '75'),
(3877, 91, 7, 39, 1, '25', '75'),
(3878, 92, 7, 29, 1, '25', '100'),
(3879, 92, 7, 30, 1, '25', '100'),
(3880, 92, 7, 31, 1, '100', '100'),
(3881, 92, 7, 32, 1, '75', '100'),
(3882, 92, 7, 33, 1, '100', '100'),
(3883, 92, 7, 34, 1, '0', '100'),
(3884, 92, 7, 35, 1, '50', '100'),
(3885, 92, 7, 36, 1, '50', '100'),
(3886, 92, 7, 37, 1, '75', '100'),
(3887, 92, 7, 38, 1, '75', '100'),
(3888, 92, 7, 39, 1, '50', '100'),
(3889, 93, 7, 29, 1, '50', '100'),
(3890, 93, 7, 30, 1, '25', '100'),
(3891, 93, 7, 31, 1, '50', '100'),
(3892, 93, 7, 32, 1, '50', '100'),
(3893, 93, 7, 33, 1, '25', '100'),
(3894, 93, 7, 34, 1, '100', '100'),
(3895, 93, 7, 35, 1, '0', '100'),
(3896, 93, 7, 36, 1, '50', '100'),
(3897, 93, 7, 37, 1, '25', '100'),
(3898, 93, 7, 38, 1, '50', '100'),
(3899, 93, 7, 39, 1, '100', '100'),
(3900, 94, 7, 29, 1, '75', '100'),
(3901, 94, 7, 30, 1, '50', '100'),
(3902, 94, 7, 31, 1, '0', '100'),
(3903, 94, 7, 32, 1, '75', '100'),
(3904, 94, 7, 33, 1, '25', '100'),
(3905, 94, 7, 34, 1, '25', '100'),
(3906, 94, 7, 35, 1, '100', '100'),
(3907, 94, 7, 36, 1, '0', '100'),
(3908, 94, 7, 37, 1, '50', '100'),
(3909, 94, 7, 38, 1, '50', '100'),
(3910, 94, 7, 39, 1, '75', '100'),
(3911, 95, 7, 29, 1, '100', '100'),
(3912, 95, 7, 30, 1, '50', '100'),
(3913, 95, 7, 31, 1, '0', '100'),
(3914, 95, 7, 32, 1, '25', '100'),
(3915, 95, 7, 33, 1, '25', '100'),
(3916, 95, 7, 34, 1, '25', '100'),
(3917, 95, 7, 35, 1, '100', '100'),
(3918, 95, 7, 36, 1, '0', '100'),
(3919, 95, 7, 37, 1, '25', '100'),
(3920, 95, 7, 38, 1, '25', '100'),
(3921, 95, 7, 39, 1, '50', '100'),
(3922, 96, 7, 29, 1, '0', '100'),
(3923, 96, 7, 30, 1, '0', '100'),
(3924, 96, 7, 31, 1, '25', '100'),
(3925, 96, 7, 32, 1, '0', '100'),
(3926, 96, 7, 33, 1, '0', '100'),
(3927, 96, 7, 34, 1, '25', '100'),
(3928, 96, 7, 35, 1, '0', '100'),
(3929, 96, 7, 36, 1, '25', '100'),
(3930, 96, 7, 37, 1, '0', '100'),
(3931, 96, 7, 38, 1, '100', '100'),
(3932, 96, 7, 39, 1, '0', '100'),
(3933, 97, 7, 29, 1, '25', '100'),
(3934, 97, 7, 30, 1, '0', '100'),
(3935, 97, 7, 31, 1, '0', '100'),
(3936, 97, 7, 32, 1, '75', '100'),
(3937, 97, 7, 33, 1, '0', '100'),
(3938, 97, 7, 34, 1, '0', '100'),
(3939, 97, 7, 35, 1, '75', '100'),
(3940, 97, 7, 36, 1, '0', '100'),
(3941, 97, 7, 37, 1, '25', '100'),
(3942, 97, 7, 38, 1, '0', '100'),
(3943, 97, 7, 39, 1, '100', '100'),
(3944, 98, 7, 29, 1, '0', '100'),
(3945, 98, 7, 30, 1, '0', '100'),
(3946, 98, 7, 31, 1, '25', '100'),
(3947, 98, 7, 32, 1, '50', '100'),
(3948, 98, 7, 33, 1, '100', '100'),
(3949, 98, 7, 34, 1, '50', '100'),
(3950, 98, 7, 35, 1, '25', '100'),
(3951, 98, 7, 36, 1, '25', '100'),
(3952, 98, 7, 37, 1, '0', '100'),
(3953, 98, 7, 38, 1, '25', '100'),
(3954, 98, 7, 39, 1, '50', '100'),
(3955, 99, 7, 29, 1, '0', '100'),
(3956, 99, 7, 30, 1, '0', '100'),
(3957, 99, 7, 31, 1, '50', '100'),
(3958, 99, 7, 32, 1, '75', '100'),
(3959, 99, 7, 33, 1, '100', '100'),
(3960, 99, 7, 34, 1, '50', '100'),
(3961, 99, 7, 35, 1, '25', '100'),
(3962, 99, 7, 36, 1, '25', '100'),
(3963, 99, 7, 37, 1, '0', '100'),
(3964, 99, 7, 38, 1, '25', '100'),
(3965, 99, 7, 39, 1, '100', '100'),
(3966, 100, 7, 29, 1, '100', '100'),
(3967, 100, 7, 30, 1, '0', '100'),
(3968, 100, 7, 31, 1, '0', '100'),
(3969, 100, 7, 32, 1, '50', '100'),
(3970, 100, 7, 33, 1, '75', '100'),
(3971, 100, 7, 34, 1, '100', '100'),
(3972, 100, 7, 35, 1, '50', '100'),
(3973, 100, 7, 36, 1, '0', '100'),
(3974, 100, 7, 37, 1, '25', '100'),
(3975, 100, 7, 38, 1, '0', '100'),
(3976, 100, 7, 39, 1, '25', '100'),
(3977, 101, 7, 29, 1, '0', '100'),
(3978, 101, 7, 30, 1, '25', '100'),
(3979, 101, 7, 31, 1, '100', '100'),
(3980, 101, 7, 32, 1, '0', '100'),
(3981, 101, 7, 33, 1, '50', '100'),
(3982, 101, 7, 34, 1, '25', '100'),
(3983, 101, 7, 35, 1, '50', '100'),
(3984, 101, 7, 36, 1, '100', '100'),
(3985, 101, 7, 37, 1, '50', '100'),
(3986, 101, 7, 38, 1, '0', '100'),
(3987, 101, 7, 39, 1, '25', '100'),
(3988, 102, 7, 29, 1, '50', '100'),
(3989, 102, 7, 30, 1, '0', '100'),
(3990, 102, 7, 31, 1, '25', '100'),
(3991, 102, 7, 32, 1, '0', '100'),
(3992, 102, 7, 33, 1, '0', '100'),
(3993, 102, 7, 34, 1, '0', '100'),
(3994, 102, 7, 35, 1, '0', '100'),
(3995, 102, 7, 36, 1, '25', '100'),
(3996, 102, 7, 37, 1, '25', '100'),
(3997, 102, 7, 38, 1, '0', '100'),
(3998, 102, 7, 39, 1, '0', '100'),
(3999, 103, 7, 29, 1, '0', '100'),
(4000, 103, 7, 30, 1, '75', '100'),
(4001, 103, 7, 31, 1, '0', '100'),
(4002, 103, 7, 32, 1, '25', '100'),
(4003, 103, 7, 33, 1, '0', '100'),
(4004, 103, 7, 34, 1, '0', '100'),
(4005, 103, 7, 35, 1, '50', '100'),
(4006, 103, 7, 36, 1, '0', '100'),
(4007, 103, 7, 37, 1, '25', '100'),
(4008, 103, 7, 38, 1, '75', '100'),
(4009, 103, 7, 39, 1, '50', '100'),
(4010, 104, 7, 29, 1, '50', '50'),
(4011, 104, 7, 30, 1, '75', '50'),
(4012, 104, 7, 31, 1, '75', '50'),
(4013, 104, 7, 32, 1, '0', '50'),
(4014, 104, 7, 33, 1, '75', '50'),
(4015, 104, 7, 34, 1, '100', '50'),
(4016, 104, 7, 35, 1, '100', '50'),
(4017, 104, 7, 36, 1, '100', '50'),
(4018, 104, 7, 37, 1, '25', '50'),
(4019, 104, 7, 38, 1, '75', '50'),
(4020, 104, 7, 39, 1, '100', '50'),
(4021, 105, 7, 29, 1, '100', '50'),
(4022, 105, 7, 30, 1, '50', '50'),
(4023, 105, 7, 31, 1, '75', '50'),
(4024, 105, 7, 32, 1, '50', '50'),
(4025, 105, 7, 33, 1, '0', '50'),
(4026, 105, 7, 34, 1, '75', '50'),
(4027, 105, 7, 35, 1, '100', '50'),
(4028, 105, 7, 36, 1, '100', '50'),
(4029, 105, 7, 37, 1, '50', '50'),
(4030, 105, 7, 38, 1, '50', '50'),
(4031, 105, 7, 39, 1, '75', '50'),
(4032, 106, 7, 29, 1, '100', '50'),
(4033, 106, 7, 30, 1, '50', '50'),
(4034, 106, 7, 31, 1, '75', '50'),
(4035, 106, 7, 32, 1, '50', '50'),
(4036, 106, 7, 33, 1, '0', '50'),
(4037, 106, 7, 34, 1, '25', '50'),
(4038, 106, 7, 35, 1, '100', '50'),
(4039, 106, 7, 36, 1, '100', '50'),
(4040, 106, 7, 37, 1, '50', '50'),
(4041, 106, 7, 38, 1, '25', '50'),
(4042, 106, 7, 39, 1, '75', '50'),
(4043, 107, 7, 29, 1, '25', '50'),
(4044, 107, 7, 30, 1, '50', '50'),
(4045, 107, 7, 31, 1, '75', '50'),
(4046, 107, 7, 32, 1, '100', '50'),
(4047, 107, 7, 33, 1, '50', '50'),
(4048, 107, 7, 34, 1, '75', '50'),
(4049, 107, 7, 35, 1, '50', '50'),
(4050, 107, 7, 36, 1, '0', '50'),
(4051, 107, 7, 37, 1, '25', '50'),
(4052, 107, 7, 38, 1, '0', '50'),
(4053, 107, 7, 39, 1, '100', '50'),
(4054, 108, 7, 29, 1, '50', '50'),
(4055, 108, 7, 30, 1, '25', '50'),
(4056, 108, 7, 31, 1, '75', '50'),
(4057, 108, 7, 32, 1, '100', '50'),
(4058, 108, 7, 33, 1, '50', '50'),
(4059, 108, 7, 34, 1, '75', '50'),
(4060, 108, 7, 35, 1, '50', '50'),
(4061, 108, 7, 36, 1, '0', '50'),
(4062, 108, 7, 37, 1, '25', '50'),
(4063, 108, 7, 38, 1, '0', '50'),
(4064, 108, 7, 39, 1, '100', '50'),
(4065, 109, 7, 29, 1, '100', '50'),
(4066, 109, 7, 30, 1, '50', '50'),
(4067, 109, 7, 31, 1, '25', '50'),
(4068, 109, 7, 32, 1, '75', '50'),
(4069, 109, 7, 33, 1, '100', '50'),
(4070, 109, 7, 34, 1, '50', '50'),
(4071, 109, 7, 35, 1, '75', '50'),
(4072, 109, 7, 36, 1, '75', '50'),
(4073, 109, 7, 37, 1, '0', '50'),
(4074, 109, 7, 38, 1, '25', '50'),
(4075, 109, 7, 39, 1, '0', '50'),
(4076, 110, 7, 29, 1, '100', '50'),
(4077, 110, 7, 30, 1, '50', '50'),
(4078, 110, 7, 31, 1, '25', '50'),
(4079, 110, 7, 32, 1, '50', '50'),
(4080, 110, 7, 33, 1, '100', '50'),
(4081, 110, 7, 34, 1, '25', '50'),
(4082, 110, 7, 35, 1, '75', '50'),
(4083, 110, 7, 36, 1, '50', '50'),
(4084, 110, 7, 37, 1, '0', '50'),
(4085, 110, 7, 38, 1, '25', '50'),
(4086, 110, 7, 39, 1, '0', '50'),
(4087, 111, 7, 29, 1, '25', '50'),
(4088, 111, 7, 30, 1, '25', '50'),
(4089, 111, 7, 31, 1, '100', '50'),
(4090, 111, 7, 32, 1, '0', '50'),
(4091, 111, 7, 33, 1, '25', '50'),
(4092, 111, 7, 34, 1, '50', '50'),
(4093, 111, 7, 35, 1, '0', '50'),
(4094, 111, 7, 36, 1, '50', '50'),
(4095, 111, 7, 37, 1, '50', '50'),
(4096, 111, 7, 38, 1, '25', '50'),
(4097, 111, 7, 39, 1, '0', '50'),
(4098, 112, 7, 29, 1, '0', '50'),
(4099, 112, 7, 30, 1, '25', '50'),
(4100, 112, 7, 31, 1, '0', '50'),
(4101, 112, 7, 32, 1, '100', '50'),
(4102, 112, 7, 33, 1, '75', '50'),
(4103, 112, 7, 34, 1, '25', '50'),
(4104, 112, 7, 35, 1, '50', '50'),
(4105, 112, 7, 36, 1, '0', '50'),
(4106, 112, 7, 37, 1, '50', '50'),
(4107, 112, 7, 38, 1, '75', '50'),
(4108, 112, 7, 39, 1, '25', '50'),
(4109, 113, 7, 29, 1, '100', '50'),
(4110, 113, 7, 30, 1, '75', '50'),
(4111, 113, 7, 31, 1, '0', '50'),
(4112, 113, 7, 32, 1, '25', '50'),
(4113, 113, 7, 33, 1, '100', '50'),
(4114, 113, 7, 34, 1, '100', '50'),
(4115, 113, 7, 35, 1, '100', '50'),
(4116, 113, 7, 36, 1, '25', '50'),
(4117, 113, 7, 37, 1, '100', '50'),
(4118, 113, 7, 38, 1, '100', '50'),
(4119, 113, 7, 39, 1, '75', '50'),
(4120, 114, 7, 29, 1, '75', '50'),
(4121, 114, 7, 30, 1, '75', '50'),
(4122, 114, 7, 31, 1, '0', '50'),
(4123, 114, 7, 32, 1, '75', '50'),
(4124, 114, 7, 33, 1, '100', '50'),
(4125, 114, 7, 34, 1, '100', '50'),
(4126, 114, 7, 35, 1, '100', '50'),
(4127, 114, 7, 36, 1, '75', '50'),
(4128, 114, 7, 37, 1, '100', '50'),
(4129, 114, 7, 38, 1, '100', '50'),
(4130, 114, 7, 39, 1, '75', '50'),
(4131, 115, 7, 29, 1, '100', '50'),
(4132, 115, 7, 30, 1, '75', '50'),
(4133, 115, 7, 31, 1, '100', '50'),
(4134, 115, 7, 32, 1, '75', '50'),
(4135, 115, 7, 33, 1, '0', '50'),
(4136, 115, 7, 34, 1, '75', '50'),
(4137, 115, 7, 35, 1, '100', '50'),
(4138, 115, 7, 36, 1, '100', '50'),
(4139, 115, 7, 37, 1, '75', '50'),
(4140, 115, 7, 38, 1, '25', '50'),
(4141, 115, 7, 39, 1, '75', '50'),
(4142, 116, 7, 29, 1, '0', '50'),
(4143, 116, 7, 30, 1, '75', '50'),
(4144, 116, 7, 31, 1, '25', '50'),
(4145, 116, 7, 32, 1, '75', '50'),
(4146, 116, 7, 33, 1, '0', '50'),
(4147, 116, 7, 34, 1, '100', '50'),
(4148, 116, 7, 35, 1, '0', '50'),
(4149, 116, 7, 36, 1, '100', '50'),
(4150, 116, 7, 37, 1, '100', '50'),
(4151, 116, 7, 38, 1, '0', '50'),
(4152, 116, 7, 39, 1, '25', '50'),
(4153, 117, 7, 29, 1, '25', '50'),
(4154, 117, 7, 30, 1, '0', '50'),
(4155, 117, 7, 31, 1, '75', '50'),
(4156, 117, 7, 32, 1, '75', '50'),
(4157, 117, 7, 33, 1, '75', '50'),
(4158, 117, 7, 34, 1, '0', '50'),
(4159, 117, 7, 35, 1, '75', '50'),
(4160, 117, 7, 36, 1, '0', '50'),
(4161, 117, 7, 37, 1, '100', '50'),
(4162, 117, 7, 38, 1, '100', '50'),
(4163, 117, 7, 39, 1, '0', '50'),
(4164, 118, 7, 29, 1, '75', '100'),
(4165, 118, 7, 30, 1, '25', '100'),
(4166, 118, 7, 31, 1, '100', '100'),
(4167, 118, 7, 32, 1, '75', '100'),
(4168, 118, 7, 33, 1, '75', '100'),
(4169, 118, 7, 34, 1, '75', '100'),
(4170, 118, 7, 35, 1, '75', '100'),
(4171, 118, 7, 36, 1, '0', '100'),
(4172, 118, 7, 37, 1, '25', '100'),
(4173, 118, 7, 38, 1, '0', '100'),
(4174, 118, 7, 39, 1, '100', '100'),
(4175, 119, 7, 29, 1, '100', '100'),
(4176, 119, 7, 30, 1, '0', '100'),
(4177, 119, 7, 31, 1, '100', '100'),
(4178, 119, 7, 32, 1, '100', '100'),
(4179, 119, 7, 33, 1, '75', '100'),
(4180, 119, 7, 34, 1, '75', '100'),
(4181, 119, 7, 35, 1, '75', '100'),
(4182, 119, 7, 36, 1, '0', '100'),
(4183, 119, 7, 37, 1, '25', '100'),
(4184, 119, 7, 38, 1, '0', '100'),
(4185, 119, 7, 39, 1, '100', '100'),
(4186, 120, 7, 29, 1, '100', '100'),
(4187, 120, 7, 30, 1, '100', '100'),
(4188, 120, 7, 31, 1, '25', '100'),
(4189, 120, 7, 32, 1, '100', '100'),
(4190, 120, 7, 33, 1, '100', '100'),
(4191, 120, 7, 34, 1, '75', '100'),
(4192, 120, 7, 35, 1, '75', '100'),
(4193, 120, 7, 36, 1, '75', '100'),
(4194, 120, 7, 37, 1, '0', '100'),
(4195, 120, 7, 38, 1, '75', '100'),
(4196, 120, 7, 39, 1, '0', '100'),
(4197, 121, 7, 29, 1, '100', '100'),
(4198, 121, 7, 30, 1, '75', '100'),
(4199, 121, 7, 31, 1, '0', '100'),
(4200, 121, 7, 32, 1, '75', '100'),
(4201, 121, 7, 33, 1, '0', '100'),
(4202, 121, 7, 34, 1, '75', '100'),
(4203, 121, 7, 35, 1, '25', '100'),
(4204, 121, 7, 36, 1, '75', '100'),
(4205, 121, 7, 37, 1, '0', '100'),
(4206, 121, 7, 38, 1, '25', '100'),
(4207, 121, 7, 39, 1, '0', '100'),
(4208, 122, 7, 29, 1, '0', '100'),
(4209, 122, 7, 30, 1, '25', '100'),
(4210, 122, 7, 31, 1, '0', '100'),
(4211, 122, 7, 32, 1, '100', '100'),
(4212, 122, 7, 33, 1, '100', '100'),
(4213, 122, 7, 34, 1, '0', '100'),
(4214, 122, 7, 35, 1, '75', '100'),
(4215, 122, 7, 36, 1, '0', '100'),
(4216, 122, 7, 37, 1, '75', '100'),
(4217, 122, 7, 38, 1, '75', '100'),
(4218, 122, 7, 39, 1, '75', '100'),
(4219, 12, 5, 40, 1, '100', '75'),
(4220, 13, 5, 40, 1, '100', '100'),
(4221, 14, 5, 40, 1, '100', '100'),
(4222, 15, 5, 40, 1, '75', '75'),
(4223, 16, 5, 40, 1, '75', '100'),
(4224, 17, 5, 40, 1, '75', '75'),
(4225, 18, 5, 40, 1, '50', '100'),
(4226, 19, 5, 40, 1, '75', '100'),
(4227, 20, 5, 40, 1, '75', '75'),
(4228, 21, 5, 40, 1, '75', '100'),
(4229, 22, 5, 40, 1, '50', '100'),
(4230, 23, 5, 40, 1, '75', '100'),
(4231, 24, 5, 40, 1, '100', '75'),
(4232, 25, 5, 40, 1, '100', '100'),
(4233, 26, 5, 40, 1, '75', '75'),
(4234, 27, 5, 40, 1, '75', '75'),
(4235, 28, 5, 40, 1, '75', '75'),
(4236, 29, 5, 40, 1, '100', '100'),
(4237, 30, 5, 40, 1, '100', '100'),
(4238, 31, 5, 40, 1, '75', '50'),
(4239, 32, 5, 40, 1, '100', '100'),
(4240, 33, 5, 40, 1, '75', '75'),
(4241, 34, 5, 40, 1, '75', '100'),
(4242, 35, 5, 40, 1, '50', '100'),
(4243, 36, 5, 40, 1, '75', '100'),
(4244, 37, 5, 40, 1, '75', '100'),
(4245, 38, 5, 40, 1, '25', '100'),
(4246, 39, 5, 40, 1, '100', '50'),
(4247, 40, 5, 40, 1, '0', '0'),
(4248, 41, 5, 40, 1, '25', '75'),
(4249, 42, 5, 40, 1, '25', '100'),
(4250, 43, 5, 40, 1, '75', '100'),
(4251, 44, 5, 40, 1, '0', '0'),
(4252, 45, 5, 40, 1, '25', '100'),
(4253, 46, 5, 40, 1, '75', '100'),
(4254, 47, 5, 40, 1, '25', '100'),
(4255, 48, 5, 40, 1, '100', '100'),
(4256, 49, 5, 40, 1, '75', '50'),
(4257, 50, 5, 40, 1, '100', '75'),
(4258, 51, 5, 40, 1, '100', '50'),
(4259, 52, 5, 40, 1, '75', '100'),
(4260, 53, 5, 40, 1, '75', '100'),
(4261, 54, 5, 40, 1, '75', '100'),
(4262, 55, 5, 40, 1, '100', '50'),
(4263, 56, 5, 40, 1, '75', '100'),
(4264, 57, 5, 40, 1, '100', '100'),
(4265, 58, 5, 40, 1, '100', '100'),
(4266, 59, 5, 40, 1, '100', '100'),
(4267, 60, 5, 40, 1, '75', '100'),
(4268, 61, 5, 40, 1, '75', '100'),
(4269, 62, 5, 40, 1, '100', '100'),
(4270, 63, 5, 40, 1, '75', '100'),
(4271, 64, 5, 40, 1, '100', '100'),
(4272, 65, 5, 40, 1, '0', '0'),
(4273, 66, 5, 40, 1, '50', '100'),
(4274, 67, 5, 40, 1, '25', '50'),
(4275, 68, 5, 40, 1, '25', '100'),
(4276, 69, 5, 40, 1, '25', '100'),
(4277, 70, 5, 40, 1, '50', '75'),
(4278, 71, 5, 40, 1, '75', '100'),
(4279, 72, 5, 40, 1, '75', '100'),
(4280, 73, 5, 40, 1, '75', '100'),
(4281, 74, 5, 40, 1, '100', '100'),
(4282, 75, 5, 40, 1, '100', '100'),
(4283, 76, 5, 40, 1, '75', '75'),
(4284, 77, 5, 40, 1, '75', '100'),
(4285, 78, 5, 40, 1, '75', '50'),
(4286, 79, 5, 40, 1, '25', '75'),
(4287, 80, 5, 40, 1, '100', '75'),
(4288, 81, 5, 40, 1, '25', '100'),
(4289, 82, 5, 40, 1, '75', '100'),
(4290, 83, 5, 40, 1, '25', '100'),
(4291, 84, 5, 40, 1, '0', '0'),
(4292, 85, 5, 40, 1, '0', '0'),
(4293, 86, 5, 40, 1, '0', '0'),
(4294, 87, 5, 40, 1, '0', '0'),
(4295, 88, 5, 40, 1, '0', '0'),
(4296, 89, 5, 40, 1, '0', '0'),
(4297, 90, 5, 40, 1, '0', '0'),
(4298, 91, 5, 40, 1, '0', '0'),
(4299, 92, 5, 40, 1, '50', '100'),
(4300, 93, 5, 40, 1, '50', '100'),
(4301, 94, 5, 40, 1, '75', '100'),
(4302, 95, 5, 40, 1, '50', '100'),
(4303, 96, 5, 40, 1, '0', '0'),
(4304, 97, 5, 40, 1, '0', '0'),
(4305, 98, 5, 40, 1, '0', '0'),
(4306, 99, 5, 40, 1, '0', '0'),
(4307, 100, 5, 40, 1, '0', '0'),
(4308, 101, 5, 40, 1, '0', '0'),
(4309, 102, 5, 40, 1, '0', '0'),
(4310, 103, 5, 40, 1, '0', '0'),
(4311, 104, 5, 40, 1, '100', '100'),
(4312, 105, 5, 40, 1, '100', '100'),
(4313, 106, 5, 40, 1, '25', '100'),
(4314, 107, 5, 40, 1, '50', '100'),
(4315, 108, 5, 40, 1, '75', '100'),
(4316, 109, 5, 40, 1, '75', '100'),
(4317, 110, 5, 40, 1, '75', '100'),
(4318, 111, 5, 40, 1, '0', '0'),
(4319, 112, 5, 40, 1, '0', '0'),
(4320, 113, 5, 40, 1, '75', '100'),
(4321, 114, 5, 40, 1, '75', '100'),
(4322, 115, 5, 40, 1, '75', '100'),
(4323, 116, 5, 40, 1, '0', '0'),
(4324, 117, 5, 40, 1, '75', '100'),
(4325, 118, 5, 40, 1, '0', '0'),
(4326, 119, 5, 40, 1, '0', '0'),
(4327, 120, 5, 40, 1, '50', '100'),
(4328, 121, 5, 40, 1, '0', '0'),
(4329, 122, 5, 40, 1, '0', '0'),
(4330, 12, 5, 41, 1, '100', '100'),
(4331, 13, 5, 41, 1, '100', '100'),
(4332, 14, 5, 41, 1, '75', '100'),
(4333, 15, 5, 41, 1, '100', '100'),
(4334, 16, 5, 41, 1, '75', '100'),
(4335, 17, 5, 41, 1, '75', '100'),
(4336, 18, 5, 41, 1, '75', '100'),
(4337, 19, 5, 41, 1, '100', '25'),
(4338, 20, 5, 41, 1, '50', '75'),
(4339, 21, 5, 41, 1, '75', '100'),
(4340, 22, 5, 41, 1, '75', '100'),
(4341, 23, 5, 41, 1, '75', '100'),
(4342, 24, 5, 41, 1, '75', '100'),
(4343, 25, 5, 41, 1, '75', '100'),
(4344, 26, 5, 41, 1, '75', '100'),
(4345, 27, 5, 41, 1, '50', '75'),
(4346, 28, 5, 41, 1, '50', '100'),
(4347, 29, 5, 41, 1, '75', '100'),
(4348, 30, 5, 41, 1, '75', '100'),
(4349, 31, 5, 41, 1, '50', '100'),
(4350, 32, 5, 41, 1, '75', '100'),
(4351, 33, 5, 41, 1, '75', '50'),
(4352, 34, 5, 41, 1, '25', '100'),
(4353, 35, 5, 41, 1, '25', '75'),
(4354, 36, 5, 41, 1, '25', '100'),
(4355, 37, 5, 41, 1, '50', '100'),
(4356, 38, 5, 41, 1, '25', '100'),
(4357, 39, 5, 41, 1, '25', '75'),
(4358, 40, 5, 41, 1, '75', '100'),
(4359, 41, 5, 41, 1, '50', '100'),
(4360, 42, 5, 41, 1, '50', '100'),
(4361, 43, 5, 41, 1, '75', '100'),
(4362, 44, 5, 41, 1, '0', '100'),
(4363, 45, 5, 41, 1, '0', '100'),
(4364, 46, 5, 41, 1, '0', '100'),
(4365, 47, 5, 41, 1, '25', '100'),
(4366, 48, 5, 41, 1, '50', '75'),
(4367, 49, 5, 41, 1, '75', '100'),
(4368, 50, 5, 41, 1, '75', '75'),
(4369, 51, 5, 41, 1, '75', '100'),
(4370, 52, 5, 41, 1, '0', '100'),
(4371, 53, 5, 41, 1, '0', '100'),
(4372, 54, 5, 41, 1, '0', '100'),
(4373, 55, 5, 41, 1, '50', '75'),
(4374, 56, 5, 41, 1, '50', '100'),
(4375, 57, 5, 41, 1, '75', '50'),
(4376, 58, 5, 41, 1, '75', '100'),
(4377, 59, 5, 41, 1, '75', '100'),
(4378, 60, 5, 41, 1, '50', '100'),
(4379, 61, 5, 41, 1, '75', '75'),
(4380, 62, 5, 41, 1, '75', '100'),
(4381, 63, 5, 41, 1, '100', '100'),
(4382, 64, 5, 41, 1, '0', '50'),
(4383, 65, 5, 41, 1, '75', '50'),
(4384, 66, 5, 41, 1, '50', '100'),
(4385, 67, 5, 41, 1, '50', '75'),
(4386, 68, 5, 41, 1, '50', '100'),
(4387, 69, 5, 41, 1, '25', '50'),
(4388, 70, 5, 41, 1, '0', '100'),
(4389, 71, 5, 41, 1, '50', '100'),
(4390, 72, 5, 41, 1, '25', '100'),
(4391, 73, 5, 41, 1, '50', '100'),
(4392, 74, 5, 41, 1, '0', '100'),
(4393, 75, 5, 41, 1, '25', '50'),
(4394, 76, 5, 41, 1, '50', '100'),
(4395, 77, 5, 41, 1, '50', '100'),
(4396, 78, 5, 41, 1, '75', '100'),
(4397, 79, 5, 41, 1, '50', '100'),
(4398, 80, 5, 41, 1, '25', '50'),
(4399, 81, 5, 41, 1, '25', '100'),
(4400, 82, 5, 41, 1, '0', '100'),
(4401, 83, 5, 41, 1, '0', '100'),
(4402, 84, 5, 41, 1, '0', '100'),
(4403, 85, 5, 41, 1, '0', '100'),
(4404, 86, 5, 41, 1, '50', '100'),
(4405, 87, 5, 41, 1, '50', '75'),
(4406, 88, 5, 41, 1, '50', '100'),
(4407, 89, 5, 41, 1, '50', '100'),
(4408, 90, 5, 41, 1, '0', '75'),
(4409, 91, 5, 41, 1, '0', '100'),
(4410, 92, 5, 41, 1, '75', '100'),
(4411, 93, 5, 41, 1, '0', '100'),
(4412, 94, 5, 41, 1, '0', '100'),
(4413, 95, 5, 41, 1, '0', '100'),
(4414, 96, 5, 41, 1, '0', '100'),
(4415, 97, 5, 41, 1, '0', '100'),
(4416, 98, 5, 41, 1, '25', '100'),
(4417, 99, 5, 41, 1, '25', '100'),
(4418, 100, 5, 41, 1, '0', '100'),
(4419, 101, 5, 41, 1, '50', '100'),
(4420, 102, 5, 41, 1, '0', '100'),
(4421, 103, 5, 41, 1, '0', '100'),
(4422, 104, 5, 41, 1, '75', '100'),
(4423, 105, 5, 41, 1, '75', '100'),
(4424, 106, 5, 41, 1, '0', '100'),
(4425, 107, 5, 41, 1, '75', '100'),
(4426, 108, 5, 41, 1, '50', '100'),
(4427, 109, 5, 41, 1, '50', '100'),
(4428, 110, 5, 41, 1, '0', '100'),
(4429, 111, 5, 41, 1, '50', '100'),
(4430, 112, 5, 41, 1, '0', '100'),
(4431, 113, 5, 41, 1, '50', '100'),
(4432, 114, 5, 41, 1, '75', '100'),
(4433, 115, 5, 41, 1, '50', '100'),
(4434, 116, 5, 41, 1, '25', '100'),
(4435, 117, 5, 41, 1, '0', '100'),
(4436, 118, 5, 41, 1, '75', '100'),
(4437, 119, 5, 41, 1, '50', '100'),
(4438, 120, 5, 41, 1, '75', '100'),
(4439, 121, 5, 41, 1, '0', '100'),
(4440, 122, 5, 41, 1, '0', '100'),
(4441, 12, 5, 42, 1, '75', '100'),
(4442, 13, 5, 42, 1, '25', '100'),
(4443, 14, 5, 42, 1, '25', '75'),
(4444, 15, 5, 42, 1, '100', '75'),
(4445, 16, 5, 42, 1, '50', '100'),
(4446, 17, 5, 42, 1, '0', '100'),
(4447, 18, 5, 42, 1, '50', '75'),
(4448, 19, 5, 42, 1, '100', '100'),
(4449, 20, 5, 42, 1, '50', '100'),
(4450, 21, 5, 42, 1, '100', '100'),
(4451, 22, 5, 42, 1, '50', '100'),
(4452, 23, 5, 42, 1, '25', '50'),
(4453, 24, 5, 42, 1, '75', '100'),
(4454, 25, 5, 42, 1, '75', '75'),
(4455, 26, 5, 42, 1, '75', '100'),
(4456, 27, 5, 42, 1, '75', '75'),
(4457, 28, 5, 42, 1, '0', '100'),
(4458, 29, 5, 42, 1, '50', '50'),
(4459, 30, 5, 42, 1, '50', '50'),
(4460, 31, 5, 42, 1, '25', '50'),
(4461, 32, 5, 42, 1, '50', '100'),
(4462, 33, 5, 42, 1, '100', '100'),
(4463, 34, 5, 42, 1, '25', '50'),
(4464, 35, 5, 42, 1, '100', '100'),
(4465, 36, 5, 42, 1, '50', '75'),
(4466, 37, 5, 42, 1, '50', '100'),
(4467, 38, 5, 42, 1, '25', '75'),
(4468, 39, 5, 42, 1, '25', '75'),
(4469, 40, 5, 42, 1, '100', '100'),
(4470, 41, 5, 42, 1, '75', '100'),
(4471, 42, 5, 42, 1, '50', '100'),
(4472, 43, 5, 42, 1, '100', '100'),
(4473, 44, 5, 42, 1, '0', '75'),
(4474, 45, 5, 42, 1, '0', '100'),
(4475, 46, 5, 42, 1, '0', '100'),
(4476, 47, 5, 42, 1, '0', '100'),
(4477, 48, 5, 42, 1, '100', '100'),
(4478, 49, 5, 42, 1, '50', '75'),
(4479, 50, 5, 42, 1, '100', '100'),
(4480, 51, 5, 42, 1, '75', '75'),
(4481, 52, 5, 42, 1, '50', '100'),
(4482, 53, 5, 42, 1, '50', '100'),
(4483, 54, 5, 42, 1, '25', '50'),
(4484, 55, 5, 42, 1, '100', '100'),
(4485, 56, 5, 42, 1, '0', '100'),
(4486, 57, 5, 42, 1, '25', '75'),
(4487, 58, 5, 42, 1, '75', '100'),
(4488, 59, 5, 42, 1, '25', '75'),
(4489, 60, 5, 42, 1, '25', '75'),
(4490, 61, 5, 42, 1, '100', '100'),
(4491, 62, 5, 42, 1, '100', '100'),
(4492, 63, 5, 42, 1, '75', '100'),
(4493, 64, 5, 42, 1, '75', '100'),
(4494, 65, 5, 42, 1, '75', '100'),
(4495, 66, 5, 42, 1, '0', '100'),
(4496, 67, 5, 42, 1, '0', '100'),
(4497, 68, 5, 42, 1, '25', '100'),
(4498, 69, 5, 42, 1, '100', '100'),
(4499, 70, 5, 42, 1, '50', '75'),
(4500, 71, 5, 42, 1, '50', '75'),
(4501, 72, 5, 42, 1, '75', '100'),
(4502, 73, 5, 42, 1, '0', '100'),
(4503, 74, 5, 42, 1, '75', '100'),
(4504, 75, 5, 42, 1, '25', '100'),
(4505, 76, 5, 42, 1, '50', '100'),
(4506, 77, 5, 42, 1, '50', '100'),
(4507, 78, 5, 42, 1, '75', '100'),
(4508, 79, 5, 42, 1, '25', '100'),
(4509, 80, 5, 42, 1, '25', '100'),
(4510, 81, 5, 42, 1, '25', '100'),
(4511, 82, 5, 42, 1, '100', '100'),
(4512, 83, 5, 42, 1, '0', '100'),
(4513, 84, 5, 42, 1, '0', '100'),
(4514, 85, 5, 42, 1, '0', '100'),
(4515, 86, 5, 42, 1, '75', '100'),
(4516, 87, 5, 42, 1, '0', '100'),
(4517, 88, 5, 42, 1, '0', '100'),
(4518, 89, 5, 42, 1, '0', '100'),
(4519, 90, 5, 42, 1, '0', '100'),
(4520, 91, 5, 42, 1, '0', '100'),
(4521, 92, 5, 42, 1, '0', '100'),
(4522, 93, 5, 42, 1, '0', '100'),
(4523, 94, 5, 42, 1, '0', '100'),
(4524, 95, 5, 42, 1, '0', '100'),
(4525, 96, 5, 42, 1, '0', '100'),
(4526, 97, 5, 42, 1, '0', '100'),
(4527, 98, 5, 42, 1, '100', '50'),
(4528, 99, 5, 42, 1, '0', '100'),
(4529, 100, 5, 42, 1, '0', '100'),
(4530, 101, 5, 42, 1, '0', '100'),
(4531, 102, 5, 42, 1, '0', '100'),
(4532, 103, 5, 42, 1, '0', '100'),
(4533, 104, 5, 42, 1, '100', '100'),
(4534, 105, 5, 42, 1, '100', '100'),
(4535, 106, 5, 42, 1, '0', '100'),
(4536, 107, 5, 42, 1, '0', '100'),
(4537, 108, 5, 42, 1, '0', '100'),
(4538, 109, 5, 42, 1, '0', '100'),
(4539, 110, 5, 42, 1, '0', '100'),
(4540, 111, 5, 42, 1, '0', '100'),
(4541, 112, 5, 42, 1, '0', '100'),
(4542, 113, 5, 42, 1, '100', '100'),
(4543, 114, 5, 42, 1, '100', '100'),
(4544, 115, 5, 42, 1, '100', '100'),
(4545, 116, 5, 42, 1, '0', '100'),
(4546, 117, 5, 42, 1, '100', '100'),
(4547, 118, 5, 42, 1, '100', '100'),
(4548, 119, 5, 42, 1, '100', '100'),
(4549, 120, 5, 42, 1, '100', '100'),
(4550, 121, 5, 42, 1, '100', '100'),
(4551, 122, 5, 42, 1, '0', '100'),
(4552, 12, 5, 43, 1, '100', '100'),
(4553, 13, 5, 43, 1, '75', '100'),
(4554, 14, 5, 43, 1, '100', '100'),
(4555, 15, 5, 43, 1, '100', '100'),
(4556, 16, 5, 43, 1, '75', '0'),
(4557, 17, 5, 43, 1, '100', '100'),
(4558, 18, 5, 43, 1, '100', '50'),
(4559, 19, 5, 43, 1, '75', '0'),
(4560, 20, 5, 43, 1, '75', '25'),
(4561, 21, 5, 43, 1, '50', '0'),
(4562, 22, 5, 43, 1, '75', '100'),
(4563, 23, 5, 43, 1, '50', '100'),
(4564, 24, 5, 43, 1, '75', '100'),
(4565, 25, 5, 43, 1, '100', '100'),
(4566, 26, 5, 43, 1, '100', '50'),
(4567, 27, 5, 43, 1, '75', '50'),
(4568, 28, 5, 43, 1, '50', '0'),
(4569, 29, 5, 43, 1, '100', '0'),
(4570, 30, 5, 43, 1, '75', '50'),
(4571, 31, 5, 43, 1, '100', '100'),
(4572, 32, 5, 43, 1, '100', '75'),
(4573, 33, 5, 43, 1, '100', '100'),
(4574, 34, 5, 43, 1, '50', '0'),
(4575, 35, 5, 43, 1, '100', '0'),
(4576, 36, 5, 43, 1, '75', '0'),
(4577, 37, 5, 43, 1, '75', '100'),
(4578, 38, 5, 43, 1, '50', '25'),
(4579, 39, 5, 43, 1, '100', '0'),
(4580, 40, 5, 43, 1, '75', '100'),
(4581, 41, 5, 43, 1, '100', '0'),
(4582, 42, 5, 43, 1, '50', '0'),
(4583, 43, 5, 43, 1, '50', '0'),
(4584, 44, 5, 43, 1, '50', '100'),
(4585, 45, 5, 43, 1, '50', '100'),
(4586, 46, 5, 43, 1, '75', '50'),
(4587, 47, 5, 43, 1, '100', '100'),
(4588, 48, 5, 43, 1, '100', '25'),
(4589, 49, 5, 43, 1, '75', '100'),
(4590, 50, 5, 43, 1, '50', '0'),
(4591, 51, 5, 43, 1, '75', '0'),
(4592, 52, 5, 43, 1, '100', '100'),
(4593, 53, 5, 43, 1, '100', '100'),
(4594, 54, 5, 43, 1, '75', '0'),
(4595, 55, 5, 43, 1, '100', '100'),
(4596, 56, 5, 43, 1, '75', '100'),
(4597, 57, 5, 43, 1, '75', '75'),
(4598, 58, 5, 43, 1, '100', '25'),
(4599, 59, 5, 43, 1, '75', '25'),
(4600, 60, 5, 43, 1, '100', '0'),
(4601, 61, 5, 43, 1, '75', '0'),
(4602, 62, 5, 43, 1, '75', '0'),
(4603, 63, 5, 43, 1, '100', '100'),
(4604, 64, 5, 43, 1, '25', '0'),
(4605, 65, 5, 43, 1, '75', '100'),
(4606, 66, 5, 43, 1, '25', '25'),
(4607, 67, 5, 43, 1, '50', '25'),
(4608, 68, 5, 43, 1, '50', '0'),
(4609, 69, 5, 43, 1, '25', '0'),
(4610, 70, 5, 43, 1, '25', '0'),
(4611, 71, 5, 43, 1, '50', '0'),
(4612, 72, 5, 43, 1, '75', '0'),
(4613, 73, 5, 43, 1, '25', '0'),
(4614, 74, 5, 43, 1, '75', '25'),
(4615, 75, 5, 43, 1, '50', '0'),
(4616, 76, 5, 43, 1, '75', '25'),
(4617, 77, 5, 43, 1, '75', '0'),
(4618, 78, 5, 43, 1, '75', '0'),
(4619, 79, 5, 43, 1, '50', '50'),
(4620, 80, 5, 43, 1, '75', '50'),
(4621, 81, 5, 43, 1, '25', '0'),
(4622, 82, 5, 43, 1, '25', '25'),
(4623, 83, 5, 43, 1, '25', '100'),
(4624, 84, 5, 43, 1, '25', '0'),
(4625, 85, 5, 43, 1, '25', '0'),
(4626, 86, 5, 43, 1, '25', '0'),
(4627, 87, 5, 43, 1, '25', '0'),
(4628, 88, 5, 43, 1, '25', '0'),
(4629, 89, 5, 43, 1, '25', '0'),
(4630, 90, 5, 43, 1, '25', '0'),
(4631, 91, 5, 43, 1, '25', '0'),
(4632, 92, 5, 43, 1, '50', '0'),
(4633, 93, 5, 43, 1, '25', '0'),
(4634, 94, 5, 43, 1, '50', '0'),
(4635, 95, 5, 43, 1, '25', '0'),
(4636, 96, 5, 43, 1, '25', '0'),
(4637, 97, 5, 43, 1, '25', '0'),
(4638, 98, 5, 43, 1, '50', '0'),
(4639, 99, 5, 43, 1, '25', '0'),
(4640, 100, 5, 43, 1, '25', '0'),
(4641, 101, 5, 43, 1, '25', '0'),
(4642, 102, 5, 43, 1, '25', '0'),
(4643, 103, 5, 43, 1, '25', '0'),
(4644, 104, 5, 43, 1, '50', '50'),
(4645, 105, 5, 43, 1, '50', '25'),
(4646, 106, 5, 43, 1, '25', '0'),
(4647, 107, 5, 43, 1, '25', '0'),
(4648, 108, 5, 43, 1, '25', '0'),
(4649, 109, 5, 43, 1, '25', '0'),
(4650, 110, 5, 43, 1, '25', '0'),
(4651, 111, 5, 43, 1, '25', '0'),
(4652, 112, 5, 43, 1, '25', '0'),
(4653, 113, 5, 43, 1, '75', '0'),
(4654, 114, 5, 43, 1, '75', '0'),
(4655, 115, 5, 43, 1, '75', '0'),
(4656, 116, 5, 43, 1, '25', '0'),
(4657, 117, 5, 43, 1, '75', '0'),
(4658, 118, 5, 43, 1, '75', '0'),
(4659, 119, 5, 43, 1, '75', '0'),
(4660, 120, 5, 43, 1, '75', '0'),
(4661, 121, 5, 43, 1, '25', '0'),
(4662, 122, 5, 43, 1, '75', '0'),
(4663, 12, 5, 44, 1, '100', '100'),
(4664, 13, 5, 44, 1, '100', '100'),
(4665, 14, 5, 44, 1, '100', '50'),
(4666, 15, 5, 44, 1, '25', '0'),
(4667, 16, 5, 44, 1, '100', '100'),
(4668, 17, 5, 44, 1, '25', '25'),
(4669, 18, 5, 44, 1, '50', '50'),
(4670, 19, 5, 44, 1, '25', '25'),
(4671, 20, 5, 44, 1, '75', '75'),
(4672, 21, 5, 44, 1, '50', '50'),
(4673, 22, 5, 44, 1, '100', '50'),
(4674, 23, 5, 44, 1, '50', '50'),
(4675, 24, 5, 44, 1, '100', '100'),
(4676, 25, 5, 44, 1, '50', '25'),
(4677, 26, 5, 44, 1, '75', '75'),
(4678, 27, 5, 44, 1, '75', '50'),
(4679, 28, 5, 44, 1, '25', '25'),
(4680, 29, 5, 44, 1, '75', '50'),
(4681, 30, 5, 44, 1, '100', '100'),
(4682, 31, 5, 44, 1, '100', '100'),
(4683, 32, 5, 44, 1, '100', '100'),
(4684, 33, 5, 44, 1, '100', '100'),
(4685, 34, 5, 44, 1, '100', '100'),
(4686, 35, 5, 44, 1, '0', '0'),
(4687, 36, 5, 44, 1, '0', '0'),
(4688, 37, 5, 44, 1, '0', '0'),
(4689, 38, 5, 44, 1, '0', '0'),
(4690, 39, 5, 44, 1, '50', '25'),
(4691, 40, 5, 44, 1, '25', '25'),
(4692, 41, 5, 44, 1, '0', '100'),
(4693, 42, 5, 44, 1, '0', '100'),
(4694, 43, 5, 44, 1, '0', '100'),
(4695, 44, 5, 44, 1, '75', '100'),
(4696, 45, 5, 44, 1, '100', '100'),
(4697, 46, 5, 44, 1, '50', '50'),
(4698, 47, 5, 44, 1, '0', '0'),
(4699, 48, 5, 44, 1, '50', '25'),
(4700, 49, 5, 44, 1, '75', '25'),
(4701, 50, 5, 44, 1, '100', '100'),
(4702, 51, 5, 44, 1, '100', '100'),
(4703, 52, 5, 44, 1, '0', '0'),
(4704, 53, 5, 44, 1, '50', '50'),
(4705, 54, 5, 44, 1, '50', '50'),
(4706, 55, 5, 44, 1, '100', '100'),
(4707, 56, 5, 44, 1, '0', '0'),
(4708, 57, 5, 44, 1, '50', '100'),
(4709, 58, 5, 44, 1, '100', '100'),
(4710, 59, 5, 44, 1, '25', '25'),
(4711, 60, 5, 44, 1, '50', '25'),
(4712, 61, 5, 44, 1, '100', '100'),
(4713, 62, 5, 44, 1, '100', '100'),
(4714, 63, 5, 44, 1, '75', '50'),
(4715, 64, 5, 44, 1, '25', '0'),
(4716, 65, 5, 44, 1, '25', '0'),
(4717, 66, 5, 44, 1, '50', '75'),
(4718, 67, 5, 44, 1, '100', '50'),
(4719, 68, 5, 44, 1, '75', '50'),
(4720, 69, 5, 44, 1, '100', '100'),
(4721, 70, 5, 44, 1, '100', '100'),
(4722, 71, 5, 44, 1, '100', '100'),
(4723, 72, 5, 44, 1, '75', '25'),
(4724, 73, 5, 44, 1, '100', '100'),
(4725, 74, 5, 44, 1, '75', '50'),
(4726, 75, 5, 44, 1, '100', '100'),
(4727, 76, 5, 44, 1, '100', '100'),
(4728, 77, 5, 44, 1, '100', '100'),
(4729, 78, 5, 44, 1, '75', '50'),
(4730, 79, 5, 44, 1, '25', '0'),
(4731, 80, 5, 44, 1, '0', '100'),
(4732, 81, 5, 44, 1, '25', '0'),
(4733, 82, 5, 44, 1, '50', '0'),
(4734, 83, 5, 44, 1, '50', '25'),
(4735, 84, 5, 44, 1, '25', '25'),
(4736, 85, 5, 44, 1, '25', '50'),
(4737, 86, 5, 44, 1, '50', '25'),
(4738, 87, 5, 44, 1, '100', '100'),
(4739, 88, 5, 44, 1, '50', '100'),
(4740, 89, 5, 44, 1, '50', '25'),
(4741, 90, 5, 44, 1, '25', '25'),
(4742, 91, 5, 44, 1, '100', '100'),
(4743, 92, 5, 44, 1, '50', '50'),
(4744, 93, 5, 44, 1, '0', '0'),
(4745, 94, 5, 44, 1, '0', '100'),
(4746, 95, 5, 44, 1, '0', '0'),
(4747, 96, 5, 44, 1, '0', '0'),
(4748, 97, 5, 44, 1, '0', '0'),
(4749, 98, 5, 44, 1, '0', '0'),
(4750, 99, 5, 44, 1, '0', '0'),
(4751, 100, 5, 44, 1, '0', '0'),
(4752, 101, 5, 44, 1, '0', '0'),
(4753, 102, 5, 44, 1, '0', '0'),
(4754, 103, 5, 44, 1, '0', '0'),
(4755, 104, 5, 44, 1, '0', '0'),
(4756, 105, 5, 44, 1, '0', '0'),
(4757, 106, 5, 44, 1, '0', '0'),
(4758, 107, 5, 44, 1, '0', '0'),
(4759, 108, 5, 44, 1, '0', '0'),
(4760, 109, 5, 44, 1, '0', '0'),
(4761, 110, 5, 44, 1, '0', '0'),
(4762, 111, 5, 44, 1, '0', '0'),
(4763, 112, 5, 44, 1, '0', '0'),
(4764, 113, 5, 44, 1, '100', '50'),
(4765, 114, 5, 44, 1, '100', '100'),
(4766, 115, 5, 44, 1, '50', '50'),
(4767, 116, 5, 44, 1, '25', '0'),
(4768, 117, 5, 44, 1, '0', '0'),
(4769, 118, 5, 44, 1, '75', '50'),
(4770, 119, 5, 44, 1, '100', '100'),
(4771, 120, 5, 44, 1, '50', '50'),
(4772, 121, 5, 44, 1, '25', '25'),
(4773, 122, 5, 44, 1, '25', '25'),
(4774, 12, 5, 45, 1, '100', '100'),
(4775, 13, 5, 45, 1, '75', '75'),
(4776, 14, 5, 45, 1, '100', '100'),
(4777, 15, 5, 45, 1, '100', '100'),
(4778, 16, 5, 45, 1, '100', '100'),
(4779, 17, 5, 45, 1, '75', '50'),
(4780, 18, 5, 45, 1, '100', '100'),
(4781, 19, 5, 45, 1, '75', '75'),
(4782, 20, 5, 45, 1, '100', '100'),
(4783, 21, 5, 45, 1, '75', '75'),
(4784, 22, 5, 45, 1, '75', '75'),
(4785, 23, 5, 45, 1, '75', '100'),
(4786, 24, 5, 45, 1, '75', '100'),
(4787, 25, 5, 45, 1, '50', '50'),
(4788, 26, 5, 45, 1, '50', '75'),
(4789, 27, 5, 45, 1, '100', '100'),
(4790, 28, 5, 45, 1, '100', '100'),
(4791, 29, 5, 45, 1, '100', '100'),
(4792, 30, 5, 45, 1, '75', '50'),
(4793, 31, 5, 45, 1, '25', '25'),
(4794, 32, 5, 45, 1, '100', '100'),
(4795, 33, 5, 45, 1, '100', '100'),
(4796, 34, 5, 45, 1, '50', '50'),
(4797, 35, 5, 45, 1, '75', '50'),
(4798, 36, 5, 45, 1, '25', '25'),
(4799, 37, 5, 45, 1, '75', '75'),
(4800, 38, 5, 45, 1, '100', '100'),
(4801, 39, 5, 45, 1, '100', '100'),
(4802, 40, 5, 45, 1, '100', '100'),
(4803, 41, 5, 45, 1, '100', '100'),
(4804, 42, 5, 45, 1, '75', '100'),
(4805, 43, 5, 45, 1, '100', '100'),
(4806, 44, 5, 45, 1, '75', '75'),
(4807, 45, 5, 45, 1, '75', '75'),
(4808, 46, 5, 45, 1, '50', '50'),
(4809, 47, 5, 45, 1, '75', '75'),
(4810, 48, 5, 45, 1, '100', '100'),
(4811, 49, 5, 45, 1, '100', '100'),
(4812, 50, 5, 45, 1, '100', '100'),
(4813, 51, 5, 45, 1, '100', '100'),
(4814, 52, 5, 45, 1, '100', '100'),
(4815, 53, 5, 45, 1, '75', '75'),
(4816, 54, 5, 45, 1, '50', '25'),
(4817, 55, 5, 45, 1, '100', '25'),
(4818, 56, 5, 45, 1, '75', '50'),
(4819, 57, 5, 45, 1, '75', '100'),
(4820, 58, 5, 45, 1, '75', '75'),
(4821, 59, 5, 45, 1, '75', '75'),
(4822, 60, 5, 45, 1, '75', '100'),
(4823, 61, 5, 45, 1, '100', '100'),
(4824, 62, 5, 45, 1, '100', '100'),
(4825, 63, 5, 45, 1, '100', '100'),
(4826, 64, 5, 45, 1, '0', '0'),
(4827, 65, 5, 45, 1, '100', '100'),
(4828, 66, 5, 45, 1, '100', '100'),
(4829, 67, 5, 45, 1, '100', '25'),
(4830, 68, 5, 45, 1, '75', '50'),
(4831, 69, 5, 45, 1, '25', '25'),
(4832, 70, 5, 45, 1, '25', '25'),
(4833, 71, 5, 45, 1, '50', '50'),
(4834, 72, 5, 45, 1, '75', '75'),
(4835, 73, 5, 45, 1, '75', '50'),
(4836, 74, 5, 45, 1, '75', '75'),
(4837, 75, 5, 45, 1, '100', '100'),
(4838, 76, 5, 45, 1, '75', '100'),
(4839, 77, 5, 45, 1, '50', '100'),
(4840, 78, 5, 45, 1, '75', '100'),
(4841, 79, 5, 45, 1, '50', '100'),
(4842, 80, 5, 45, 1, '75', '100'),
(4843, 81, 5, 45, 1, '0', '0'),
(4844, 82, 5, 45, 1, '0', '0'),
(4845, 83, 5, 45, 1, '0', '0'),
(4846, 84, 5, 45, 1, '25', '0'),
(4847, 85, 5, 45, 1, '25', '0'),
(4848, 86, 5, 45, 1, '25', '25'),
(4849, 87, 5, 45, 1, '0', '0'),
(4850, 88, 5, 45, 1, '0', '0'),
(4851, 89, 5, 45, 1, '0', '0'),
(4852, 90, 5, 45, 1, '25', '25'),
(4853, 91, 5, 45, 1, '25', '25'),
(4854, 92, 5, 45, 1, '75', '100'),
(4855, 93, 5, 45, 1, '25', '25'),
(4856, 94, 5, 45, 1, '50', '50'),
(4857, 95, 5, 45, 1, '75', '75'),
(4858, 96, 5, 45, 1, '0', '0'),
(4859, 97, 5, 45, 1, '0', '0'),
(4860, 98, 5, 45, 1, '25', '25'),
(4861, 99, 5, 45, 1, '25', '25'),
(4862, 100, 5, 45, 1, '50', '50'),
(4863, 101, 5, 45, 1, '50', '50'),
(4864, 102, 5, 45, 1, '0', '0'),
(4865, 103, 5, 45, 1, '50', '50'),
(4866, 104, 5, 45, 1, '100', '100'),
(4867, 105, 5, 45, 1, '100', '100'),
(4868, 106, 5, 45, 1, '100', '100'),
(4869, 107, 5, 45, 1, '50', '25'),
(4870, 108, 5, 45, 1, '50', '25'),
(4871, 109, 5, 45, 1, '75', '50'),
(4872, 110, 5, 45, 1, '75', '25'),
(4873, 111, 5, 45, 1, '25', '25'),
(4874, 112, 5, 45, 1, '50', '50'),
(4875, 113, 5, 45, 1, '100', '100'),
(4876, 114, 5, 45, 1, '100', '100'),
(4877, 115, 5, 45, 1, '100', '100'),
(4878, 116, 5, 45, 1, '50', '50'),
(4879, 117, 5, 45, 1, '50', '50'),
(4880, 118, 5, 45, 1, '75', '100'),
(4881, 119, 5, 45, 1, '75', '100'),
(4882, 120, 5, 45, 1, '75', '100'),
(4883, 121, 5, 45, 1, '50', '100'),
(4884, 122, 5, 45, 1, '50', '100'),
(4996, 12, 5, 47, 1, '100', '100'),
(4997, 13, 5, 47, 1, '0', '0'),
(4998, 14, 5, 47, 1, '100', '25'),
(4999, 15, 5, 47, 1, '50', '50'),
(5000, 16, 5, 47, 1, '100', '25'),
(5001, 17, 5, 47, 1, '25', '25'),
(5002, 18, 5, 47, 1, '100', '50'),
(5003, 19, 5, 47, 1, '100', '50'),
(5004, 20, 5, 47, 1, '100', '100'),
(5005, 21, 5, 47, 1, '100', '100'),
(5006, 22, 5, 47, 1, '100', '25'),
(5007, 23, 5, 47, 1, '100', '50'),
(5008, 24, 5, 47, 1, '100', '25'),
(5009, 25, 5, 47, 1, '100', '50'),
(5010, 26, 5, 47, 1, '0', '0'),
(5011, 27, 5, 47, 1, '100', '50'),
(5012, 28, 5, 47, 1, '100', '25'),
(5013, 29, 5, 47, 1, '100', '25'),
(5014, 30, 5, 47, 1, '100', '50'),
(5015, 31, 5, 47, 1, '100', '50'),
(5016, 32, 5, 47, 1, '50', '50'),
(5017, 33, 5, 47, 1, '100', '50'),
(5018, 34, 5, 47, 1, '0', '0'),
(5019, 35, 5, 47, 1, '100', '100'),
(5020, 36, 5, 47, 1, '25', '25'),
(5021, 37, 5, 47, 1, '100', '25'),
(5022, 38, 5, 47, 1, '100', '50'),
(5023, 39, 5, 47, 1, '100', '100'),
(5024, 40, 5, 47, 1, '100', '50'),
(5025, 41, 5, 47, 1, '100', '50'),
(5026, 42, 5, 47, 1, '100', '100'),
(5027, 43, 5, 47, 1, '100', '100'),
(5028, 44, 5, 47, 1, '0', '0'),
(5029, 45, 5, 47, 1, '0', '0'),
(5030, 46, 5, 47, 1, '100', '25'),
(5031, 47, 5, 47, 1, '0', '0'),
(5032, 48, 5, 47, 1, '100', '25'),
(5033, 49, 5, 47, 1, '100', '100'),
(5034, 50, 5, 47, 1, '0', '0'),
(5035, 51, 5, 47, 1, '0', '0'),
(5036, 52, 5, 47, 1, '0', '0'),
(5037, 53, 5, 47, 1, '0', '0'),
(5038, 54, 5, 47, 1, '0', '0'),
(5039, 55, 5, 47, 1, '100', '75'),
(5040, 56, 5, 47, 1, '50', '50'),
(5041, 57, 5, 47, 1, '50', '50'),
(5042, 58, 5, 47, 1, '100', '100'),
(5043, 59, 5, 47, 1, '100', '100'),
(5044, 60, 5, 47, 1, '100', '75'),
(5045, 61, 5, 47, 1, '100', '100'),
(5046, 62, 5, 47, 1, '100', '100'),
(5047, 63, 5, 47, 1, '100', '75'),
(5048, 64, 5, 47, 1, '0', '0'),
(5049, 65, 5, 47, 1, '100', '75'),
(5050, 66, 5, 47, 1, '100', '100'),
(5051, 67, 5, 47, 1, '100', '100'),
(5052, 68, 5, 47, 1, '0', '0'),
(5053, 69, 5, 47, 1, '0', '0'),
(5054, 70, 5, 47, 1, '0', '0'),
(5055, 71, 5, 47, 1, '100', '100'),
(5056, 72, 5, 47, 1, '100', '75'),
(5057, 73, 5, 47, 1, '0', '0'),
(5058, 74, 5, 47, 1, '100', '100'),
(5059, 75, 5, 47, 1, '0', '0');
INSERT INTO `encuesta_calculo` (`idencuesta_calculo`, `pregunta_idpregunta`, `periodo_idperiodo`, `encuesta_idencuesta`, `usuario_idusuario`, `resultado`, `evidencia`) VALUES
(5060, 76, 5, 47, 1, '25', '25'),
(5061, 77, 5, 47, 1, '100', '100'),
(5062, 78, 5, 47, 1, '100', '100'),
(5063, 79, 5, 47, 1, '0', '0'),
(5064, 80, 5, 47, 1, '0', '0'),
(5065, 81, 5, 47, 1, '0', '0'),
(5066, 82, 5, 47, 1, '0', '0'),
(5067, 83, 5, 47, 1, '0', '0'),
(5068, 84, 5, 47, 1, '0', '0'),
(5069, 85, 5, 47, 1, '0', '0'),
(5070, 86, 5, 47, 1, '0', '0'),
(5071, 87, 5, 47, 1, '0', '0'),
(5072, 88, 5, 47, 1, '0', '0'),
(5073, 89, 5, 47, 1, '0', '0'),
(5074, 90, 5, 47, 1, '0', '0'),
(5075, 91, 5, 47, 1, '0', '0'),
(5076, 92, 5, 47, 1, '100', '75'),
(5077, 93, 5, 47, 1, '100', '50'),
(5078, 94, 5, 47, 1, '100', '75'),
(5079, 95, 5, 47, 1, '100', '25'),
(5080, 96, 5, 47, 1, '0', '0'),
(5081, 97, 5, 47, 1, '0', '0'),
(5082, 98, 5, 47, 1, '0', '0'),
(5083, 99, 5, 47, 1, '0', '0'),
(5084, 100, 5, 47, 1, '0', '0'),
(5085, 101, 5, 47, 1, '0', '0'),
(5086, 102, 5, 47, 1, '0', '0'),
(5087, 103, 5, 47, 1, '0', '0'),
(5088, 104, 5, 47, 1, '100', '100'),
(5089, 105, 5, 47, 1, '50', '50'),
(5090, 106, 5, 47, 1, '100', '75'),
(5091, 107, 5, 47, 1, '50', '50'),
(5092, 108, 5, 47, 1, '50', '50'),
(5093, 109, 5, 47, 1, '50', '50'),
(5094, 110, 5, 47, 1, '100', '75'),
(5095, 111, 5, 47, 1, '0', '0'),
(5096, 112, 5, 47, 1, '0', '0'),
(5097, 113, 5, 47, 1, '0', '0'),
(5098, 114, 5, 47, 1, '0', '0'),
(5099, 115, 5, 47, 1, '0', '0'),
(5100, 116, 5, 47, 1, '0', '0'),
(5101, 117, 5, 47, 1, '0', '0'),
(5102, 118, 5, 47, 1, '0', '0'),
(5103, 119, 5, 47, 1, '0', '0'),
(5104, 120, 5, 47, 1, '0', '0'),
(5105, 121, 5, 47, 1, '0', '0'),
(5106, 122, 5, 47, 1, '0', '0'),
(5107, 12, 5, 48, 1, '100', '100'),
(5108, 13, 5, 48, 1, '100', '100'),
(5109, 14, 5, 48, 1, '100', '100'),
(5110, 15, 5, 48, 1, '100', '100'),
(5111, 16, 5, 48, 1, '100', '100'),
(5112, 17, 5, 48, 1, '100', '100'),
(5113, 18, 5, 48, 1, '100', '100'),
(5114, 19, 5, 48, 1, '100', '100'),
(5115, 20, 5, 48, 1, '50', '25'),
(5116, 21, 5, 48, 1, '50', '100'),
(5117, 22, 5, 48, 1, '75', '100'),
(5118, 23, 5, 48, 1, '50', '100'),
(5119, 24, 5, 48, 1, '50', '100'),
(5120, 25, 5, 48, 1, '50', '100'),
(5121, 26, 5, 48, 1, '75', '100'),
(5122, 27, 5, 48, 1, '75', '50'),
(5123, 28, 5, 48, 1, '75', '50'),
(5124, 29, 5, 48, 1, '75', '100'),
(5125, 30, 5, 48, 1, '50', '100'),
(5126, 31, 5, 48, 1, '25', '100'),
(5127, 32, 5, 48, 1, '75', '100'),
(5128, 33, 5, 48, 1, '75', '100'),
(5129, 34, 5, 48, 1, '75', '100'),
(5130, 35, 5, 48, 1, '50', '50'),
(5131, 36, 5, 48, 1, '75', '25'),
(5132, 37, 5, 48, 1, '75', '100'),
(5133, 38, 5, 48, 1, '0', '100'),
(5134, 39, 5, 48, 1, '50', '25'),
(5135, 40, 5, 48, 1, '25', '100'),
(5136, 41, 5, 48, 1, '75', '100'),
(5137, 42, 5, 48, 1, '75', '100'),
(5138, 43, 5, 48, 1, '100', '50'),
(5139, 44, 5, 48, 1, '75', '75'),
(5140, 45, 5, 48, 1, '75', '100'),
(5141, 46, 5, 48, 1, '0', '100'),
(5142, 47, 5, 48, 1, '0', '100'),
(5143, 48, 5, 48, 1, '25', '100'),
(5144, 49, 5, 48, 1, '100', '100'),
(5145, 50, 5, 48, 1, '75', '100'),
(5146, 51, 5, 48, 1, '75', '100'),
(5147, 52, 5, 48, 1, '50', '100'),
(5148, 53, 5, 48, 1, '50', '100'),
(5149, 54, 5, 48, 1, '100', '100'),
(5150, 55, 5, 48, 1, '0', '100'),
(5151, 56, 5, 48, 1, '50', '100'),
(5152, 57, 5, 48, 1, '75', '100'),
(5153, 58, 5, 48, 1, '75', '100'),
(5154, 59, 5, 48, 1, '75', '100'),
(5155, 60, 5, 48, 1, '75', '100'),
(5156, 61, 5, 48, 1, '75', '100'),
(5157, 62, 5, 48, 1, '100', '100'),
(5158, 63, 5, 48, 1, '25', '25'),
(5159, 64, 5, 48, 1, '0', '100'),
(5160, 65, 5, 48, 1, '75', '100'),
(5161, 66, 5, 48, 1, '50', '100'),
(5162, 67, 5, 48, 1, '0', '100'),
(5163, 68, 5, 48, 1, '50', '100'),
(5164, 69, 5, 48, 1, '50', '100'),
(5165, 70, 5, 48, 1, '50', '100'),
(5166, 71, 5, 48, 1, '100', '100'),
(5167, 72, 5, 48, 1, '50', '100'),
(5168, 73, 5, 48, 1, '100', '100'),
(5169, 74, 5, 48, 1, '75', '100'),
(5170, 75, 5, 48, 1, '75', '100'),
(5171, 76, 5, 48, 1, '25', '100'),
(5172, 77, 5, 48, 1, '25', '100'),
(5173, 78, 5, 48, 1, '75', '75'),
(5174, 79, 5, 48, 1, '50', '75'),
(5175, 80, 5, 48, 1, '75', '100'),
(5176, 81, 5, 48, 1, '100', '100'),
(5177, 82, 5, 48, 1, '75', '100'),
(5178, 83, 5, 48, 1, '75', '100'),
(5179, 84, 5, 48, 1, '0', '100'),
(5180, 85, 5, 48, 1, '75', '100'),
(5181, 86, 5, 48, 1, '25', '100'),
(5182, 87, 5, 48, 1, '75', '100'),
(5183, 88, 5, 48, 1, '50', '100'),
(5184, 89, 5, 48, 1, '75', '100'),
(5185, 90, 5, 48, 1, '50', '100'),
(5186, 91, 5, 48, 1, '100', '100'),
(5187, 92, 5, 48, 1, '50', '50'),
(5188, 93, 5, 48, 1, '50', '75'),
(5189, 94, 5, 48, 1, '50', '75'),
(5190, 95, 5, 48, 1, '50', '75'),
(5191, 96, 5, 48, 1, '50', '75'),
(5192, 97, 5, 48, 1, '25', '100'),
(5193, 98, 5, 48, 1, '50', '75'),
(5194, 99, 5, 48, 1, '50', '100'),
(5195, 100, 5, 48, 1, '50', '75'),
(5196, 101, 5, 48, 1, '25', '100'),
(5197, 102, 5, 48, 1, '50', '75'),
(5198, 103, 5, 48, 1, '50', '75'),
(5199, 104, 5, 48, 1, '0', '100'),
(5200, 105, 5, 48, 1, '0', '100'),
(5201, 106, 5, 48, 1, '0', '100'),
(5202, 107, 5, 48, 1, '0', '100'),
(5203, 108, 5, 48, 1, '0', '100'),
(5204, 109, 5, 48, 1, '0', '100'),
(5205, 110, 5, 48, 1, '0', '100'),
(5206, 111, 5, 48, 1, '0', '100'),
(5207, 112, 5, 48, 1, '0', '100'),
(5208, 113, 5, 48, 1, '100', '75'),
(5209, 114, 5, 48, 1, '100', '100'),
(5210, 115, 5, 48, 1, '100', '100'),
(5211, 116, 5, 48, 1, '0', '100'),
(5212, 117, 5, 48, 1, '0', '100'),
(5213, 118, 5, 48, 1, '75', '100'),
(5214, 119, 5, 48, 1, '75', '100'),
(5215, 120, 5, 48, 1, '75', '100'),
(5216, 121, 5, 48, 1, '0', '100'),
(5217, 122, 5, 48, 1, '25', '100'),
(5218, 12, 5, 49, 6, '100', '100'),
(5219, 13, 5, 49, 6, '100', '100'),
(5220, 14, 5, 49, 6, '100', '100'),
(5221, 15, 5, 49, 6, '100', '100'),
(5222, 16, 5, 49, 6, '75', '100'),
(5223, 17, 5, 49, 6, '75', '100'),
(5224, 18, 5, 49, 6, '100', '100'),
(5225, 19, 5, 49, 6, '75', '100'),
(5226, 20, 5, 49, 6, '75', '50'),
(5227, 21, 5, 49, 6, '75', '25'),
(5228, 22, 5, 49, 6, '75', '25'),
(5229, 23, 5, 49, 6, '75', '50'),
(5230, 24, 5, 49, 6, '75', '50'),
(5231, 25, 5, 49, 6, '75', '50'),
(5232, 26, 5, 49, 6, '75', '50'),
(5233, 27, 5, 49, 6, '100', '100'),
(5234, 28, 5, 49, 6, '100', '100'),
(5235, 29, 5, 49, 6, '50', '50'),
(5236, 30, 5, 49, 6, '50', '100'),
(5237, 31, 5, 49, 6, '25', '0'),
(5238, 32, 5, 49, 6, '75', '100'),
(5239, 33, 5, 49, 6, '100', '100'),
(5240, 34, 5, 49, 6, '75', '75'),
(5241, 35, 5, 49, 6, '50', '50'),
(5242, 36, 5, 49, 6, '0', '100'),
(5243, 37, 5, 49, 6, '75', '100'),
(5244, 38, 5, 49, 6, '100', '100'),
(5245, 39, 5, 49, 6, '50', '75'),
(5246, 40, 5, 49, 6, '75', '100'),
(5247, 41, 5, 49, 6, '50', '100'),
(5248, 42, 5, 49, 6, '75', '25'),
(5249, 43, 5, 49, 6, '50', '25'),
(5250, 44, 5, 49, 6, '100', '100'),
(5251, 45, 5, 49, 6, '75', '100'),
(5252, 46, 5, 49, 6, '50', '50'),
(5253, 47, 5, 49, 6, '25', '25'),
(5254, 48, 5, 49, 6, '75', '100'),
(5255, 49, 5, 49, 6, '50', '50'),
(5256, 50, 5, 49, 6, '75', '100'),
(5257, 51, 5, 49, 6, '75', '50'),
(5258, 52, 5, 49, 6, '25', '25'),
(5259, 53, 5, 49, 6, '50', '50'),
(5260, 54, 5, 49, 6, '0', '0'),
(5261, 55, 5, 49, 6, '75', '50'),
(5262, 56, 5, 49, 6, '75', '75'),
(5263, 57, 5, 49, 6, '75', '100'),
(5264, 58, 5, 49, 6, '75', '50'),
(5265, 59, 5, 49, 6, '75', '50'),
(5266, 60, 5, 49, 6, '75', '50'),
(5267, 61, 5, 49, 6, '100', '100'),
(5268, 62, 5, 49, 6, '100', '100'),
(5269, 63, 5, 49, 6, '100', '100'),
(5270, 64, 5, 49, 6, '0', '0'),
(5271, 65, 5, 49, 6, '100', '100'),
(5272, 66, 5, 49, 6, '100', '100'),
(5273, 67, 5, 49, 6, '100', '100'),
(5274, 68, 5, 49, 6, '50', '50'),
(5275, 69, 5, 49, 6, '50', '50'),
(5276, 70, 5, 49, 6, '75', '25'),
(5277, 71, 5, 49, 6, '100', '100'),
(5278, 72, 5, 49, 6, '75', '100'),
(5279, 73, 5, 49, 6, '25', '25'),
(5280, 74, 5, 49, 6, '75', '100'),
(5281, 75, 5, 49, 6, '75', '100'),
(5282, 76, 5, 49, 6, '100', '100'),
(5283, 77, 5, 49, 6, '50', '50'),
(5284, 78, 5, 49, 6, '25', '25'),
(5285, 79, 5, 49, 6, '25', '25'),
(5286, 80, 5, 49, 6, '100', '100'),
(5287, 81, 5, 49, 6, '50', '100'),
(5288, 82, 5, 49, 6, '75', '100'),
(5289, 83, 5, 49, 6, '75', '100'),
(5290, 84, 5, 49, 6, '100', '100'),
(5291, 85, 5, 49, 6, '75', '100'),
(5292, 86, 5, 49, 6, '50', '100'),
(5293, 87, 5, 49, 6, '50', '100'),
(5294, 88, 5, 49, 6, '50', '100'),
(5295, 89, 5, 49, 6, '75', '100'),
(5296, 90, 5, 49, 6, '100', '100'),
(5297, 91, 5, 49, 6, '75', '100'),
(5298, 92, 5, 49, 6, '75', '100'),
(5299, 93, 5, 49, 6, '25', '100'),
(5300, 94, 5, 49, 6, '75', '100'),
(5301, 95, 5, 49, 6, '75', '100'),
(5302, 96, 5, 49, 6, '0', '0'),
(5303, 97, 5, 49, 6, '0', '0'),
(5304, 98, 5, 49, 6, '0', '0'),
(5305, 99, 5, 49, 6, '0', '0'),
(5306, 100, 5, 49, 6, '0', '0'),
(5307, 101, 5, 49, 6, '0', '0'),
(5308, 102, 5, 49, 6, '0', '0'),
(5309, 103, 5, 49, 6, '0', '0'),
(5310, 104, 5, 49, 6, '100', '100'),
(5311, 105, 5, 49, 6, '100', '100'),
(5312, 106, 5, 49, 6, '100', '100'),
(5313, 107, 5, 49, 6, '25', '100'),
(5314, 108, 5, 49, 6, '50', '100'),
(5315, 109, 5, 49, 6, '75', '100'),
(5316, 110, 5, 49, 6, '75', '100'),
(5317, 111, 5, 49, 6, '100', '100'),
(5318, 112, 5, 49, 6, '75', '100'),
(5319, 113, 5, 49, 6, '100', '100'),
(5320, 114, 5, 49, 6, '100', '100'),
(5321, 115, 5, 49, 6, '100', '100'),
(5322, 116, 5, 49, 6, '75', '100'),
(5323, 117, 5, 49, 6, '75', '100'),
(5324, 118, 5, 49, 6, '50', '50'),
(5325, 119, 5, 49, 6, '50', '25'),
(5326, 120, 5, 49, 6, '75', '25'),
(5327, 121, 5, 49, 6, '25', '25'),
(5328, 122, 5, 49, 6, '75', '50'),
(5329, 12, 5, 50, 3, '100', '100'),
(5330, 13, 5, 50, 3, '100', '100'),
(5331, 14, 5, 50, 3, '100', '100'),
(5332, 15, 5, 50, 3, '100', '100'),
(5333, 16, 5, 50, 3, '100', '100'),
(5334, 17, 5, 50, 3, '100', '100'),
(5335, 18, 5, 50, 3, '100', '100'),
(5336, 19, 5, 50, 3, '100', '100'),
(5337, 20, 5, 50, 3, '100', '100'),
(5338, 21, 5, 50, 3, '100', '100'),
(5339, 22, 5, 50, 3, '100', '100'),
(5340, 23, 5, 50, 3, '100', '100'),
(5341, 24, 5, 50, 3, '100', '100'),
(5342, 25, 5, 50, 3, '100', '100'),
(5343, 26, 5, 50, 3, '100', '100'),
(5344, 27, 5, 50, 3, '50', '100'),
(5345, 28, 5, 50, 3, '50', '100'),
(5346, 29, 5, 50, 3, '100', '100'),
(5347, 30, 5, 50, 3, '100', '100'),
(5348, 31, 5, 50, 3, '100', '100'),
(5349, 32, 5, 50, 3, '100', '100'),
(5350, 33, 5, 50, 3, '100', '100'),
(5351, 34, 5, 50, 3, '100', '100'),
(5352, 35, 5, 50, 3, '100', '100'),
(5353, 36, 5, 50, 3, '100', '100'),
(5354, 37, 5, 50, 3, '100', '100'),
(5355, 38, 5, 50, 3, '100', '100'),
(5356, 39, 5, 50, 3, '100', '100'),
(5357, 40, 5, 50, 3, '100', '100'),
(5358, 41, 5, 50, 3, '100', '100'),
(5359, 42, 5, 50, 3, '100', '100'),
(5360, 43, 5, 50, 3, '100', '100'),
(5361, 44, 5, 50, 3, '100', '100'),
(5362, 45, 5, 50, 3, '100', '100'),
(5363, 46, 5, 50, 3, '100', '100'),
(5364, 47, 5, 50, 3, '100', '100'),
(5365, 48, 5, 50, 3, '100', '100'),
(5366, 49, 5, 50, 3, '100', '100'),
(5367, 50, 5, 50, 3, '100', '100'),
(5368, 51, 5, 50, 3, '100', '100'),
(5369, 52, 5, 50, 3, '100', '100'),
(5370, 53, 5, 50, 3, '100', '100'),
(5371, 54, 5, 50, 3, '100', '100'),
(5372, 55, 5, 50, 3, '100', '100'),
(5373, 56, 5, 50, 3, '100', '100'),
(5374, 57, 5, 50, 3, '50', '100'),
(5375, 58, 5, 50, 3, '50', '100'),
(5376, 59, 5, 50, 3, '100', '100'),
(5377, 60, 5, 50, 3, '100', '100'),
(5378, 61, 5, 50, 3, '100', '100'),
(5379, 62, 5, 50, 3, '100', '100'),
(5380, 63, 5, 50, 3, '100', '100'),
(5381, 64, 5, 50, 3, '100', '100'),
(5382, 65, 5, 50, 3, '100', '100'),
(5383, 66, 5, 50, 3, '100', '100'),
(5384, 67, 5, 50, 3, '100', '100'),
(5385, 68, 5, 50, 3, '100', '100'),
(5386, 69, 5, 50, 3, '100', '100'),
(5387, 70, 5, 50, 3, '100', '100'),
(5388, 71, 5, 50, 3, '100', '100'),
(5389, 72, 5, 50, 3, '100', '100'),
(5390, 73, 5, 50, 3, '100', '100'),
(5391, 74, 5, 50, 3, '100', '100'),
(5392, 75, 5, 50, 3, '100', '100'),
(5393, 76, 5, 50, 3, '100', '100'),
(5394, 77, 5, 50, 3, '100', '100'),
(5395, 78, 5, 50, 3, '100', '100'),
(5396, 79, 5, 50, 3, '100', '100'),
(5397, 80, 5, 50, 3, '100', '100'),
(5398, 81, 5, 50, 3, '100', '100'),
(5399, 82, 5, 50, 3, '100', '100'),
(5400, 83, 5, 50, 3, '100', '100'),
(5401, 84, 5, 50, 3, '100', '100'),
(5402, 85, 5, 50, 3, '100', '100'),
(5403, 86, 5, 50, 3, '100', '100'),
(5404, 87, 5, 50, 3, '100', '100'),
(5405, 88, 5, 50, 3, '100', '100'),
(5406, 89, 5, 50, 3, '100', '100'),
(5407, 90, 5, 50, 3, '100', '100'),
(5408, 91, 5, 50, 3, '50', '100'),
(5409, 92, 5, 50, 3, '100', '100'),
(5410, 93, 5, 50, 3, '100', '100'),
(5411, 94, 5, 50, 3, '100', '100'),
(5412, 95, 5, 50, 3, '100', '100'),
(5413, 96, 5, 50, 3, '100', '100'),
(5414, 97, 5, 50, 3, '100', '100'),
(5415, 98, 5, 50, 3, '100', '100'),
(5416, 99, 5, 50, 3, '100', '100'),
(5417, 100, 5, 50, 3, '50', '100'),
(5418, 101, 5, 50, 3, '75', '100'),
(5419, 102, 5, 50, 3, '100', '100'),
(5420, 103, 5, 50, 3, '75', '100'),
(5421, 104, 5, 50, 3, '100', '100'),
(5422, 105, 5, 50, 3, '100', '100'),
(5423, 106, 5, 50, 3, '100', '100'),
(5424, 107, 5, 50, 3, '100', '100'),
(5425, 108, 5, 50, 3, '100', '100'),
(5426, 109, 5, 50, 3, '100', '100'),
(5427, 110, 5, 50, 3, '100', '100'),
(5428, 111, 5, 50, 3, '100', '100'),
(5429, 112, 5, 50, 3, '75', '100'),
(5430, 113, 5, 50, 3, '75', '100'),
(5431, 114, 5, 50, 3, '100', '100'),
(5432, 115, 5, 50, 3, '100', '100'),
(5433, 116, 5, 50, 3, '100', '100'),
(5434, 117, 5, 50, 3, '75', '100'),
(5435, 118, 5, 50, 3, '100', '100'),
(5436, 119, 5, 50, 3, '100', '100'),
(5437, 120, 5, 50, 3, '100', '100'),
(5438, 121, 5, 50, 3, '100', '100'),
(5439, 122, 5, 50, 3, '100', '100'),
(5440, 12, 5, 51, 5, '50', '100'),
(5441, 13, 5, 51, 5, '75', '100'),
(5442, 14, 5, 51, 5, '100', '100'),
(5443, 15, 5, 51, 5, '100', '100'),
(5444, 16, 5, 51, 5, '100', '100'),
(5445, 17, 5, 51, 5, '100', '100'),
(5446, 18, 5, 51, 5, '100', '100'),
(5447, 19, 5, 51, 5, '100', '100'),
(5448, 20, 5, 51, 5, '100', '100'),
(5449, 21, 5, 51, 5, '100', '100'),
(5450, 22, 5, 51, 5, '100', '100'),
(5451, 23, 5, 51, 5, '100', '100'),
(5452, 24, 5, 51, 5, '100', '100'),
(5453, 25, 5, 51, 5, '100', '100'),
(5454, 26, 5, 51, 5, '100', '100'),
(5455, 27, 5, 51, 5, '100', '100'),
(5456, 28, 5, 51, 5, '100', '100'),
(5457, 29, 5, 51, 5, '100', '100'),
(5458, 30, 5, 51, 5, '50', '100'),
(5459, 31, 5, 51, 5, '100', '100'),
(5460, 32, 5, 51, 5, '100', '100'),
(5461, 33, 5, 51, 5, '100', '100'),
(5462, 34, 5, 51, 5, '75', '100'),
(5463, 35, 5, 51, 5, '100', '100'),
(5464, 36, 5, 51, 5, '50', '100'),
(5465, 37, 5, 51, 5, '100', '100'),
(5466, 38, 5, 51, 5, '100', '100'),
(5467, 39, 5, 51, 5, '100', '100'),
(5468, 40, 5, 51, 5, '100', '100'),
(5469, 41, 5, 51, 5, '100', '100'),
(5470, 42, 5, 51, 5, '100', '100'),
(5471, 43, 5, 51, 5, '100', '100'),
(5472, 44, 5, 51, 5, '100', '100'),
(5473, 45, 5, 51, 5, '100', '100'),
(5474, 46, 5, 51, 5, '50', '100'),
(5475, 47, 5, 51, 5, '100', '100'),
(5476, 48, 5, 51, 5, '75', '100'),
(5477, 49, 5, 51, 5, '100', '100'),
(5478, 50, 5, 51, 5, '100', '100'),
(5479, 51, 5, 51, 5, '100', '100'),
(5480, 52, 5, 51, 5, '75', '100'),
(5481, 53, 5, 51, 5, '100', '100'),
(5482, 54, 5, 51, 5, '75', '100'),
(5483, 55, 5, 51, 5, '50', '100'),
(5484, 56, 5, 51, 5, '75', '100'),
(5485, 57, 5, 51, 5, '50', '100'),
(5486, 58, 5, 51, 5, '75', '100'),
(5487, 59, 5, 51, 5, '75', '100'),
(5488, 60, 5, 51, 5, '100', '100'),
(5489, 61, 5, 51, 5, '100', '100'),
(5490, 62, 5, 51, 5, '100', '100'),
(5491, 63, 5, 51, 5, '100', '100'),
(5492, 64, 5, 51, 5, '100', '100'),
(5493, 65, 5, 51, 5, '75', '100'),
(5494, 66, 5, 51, 5, '100', '100'),
(5495, 67, 5, 51, 5, '100', '100'),
(5496, 68, 5, 51, 5, '100', '100'),
(5497, 69, 5, 51, 5, '50', '100'),
(5498, 70, 5, 51, 5, '50', '100'),
(5499, 71, 5, 51, 5, '50', '100'),
(5500, 72, 5, 51, 5, '100', '100'),
(5501, 73, 5, 51, 5, '100', '100'),
(5502, 74, 5, 51, 5, '100', '100'),
(5503, 75, 5, 51, 5, '75', '100'),
(5504, 76, 5, 51, 5, '50', '100'),
(5505, 77, 5, 51, 5, '50', '100'),
(5506, 78, 5, 51, 5, '100', '100'),
(5507, 79, 5, 51, 5, '100', '100'),
(5508, 80, 5, 51, 5, '50', '100'),
(5509, 81, 5, 51, 5, '50', '100'),
(5510, 82, 5, 51, 5, '100', '100'),
(5511, 83, 5, 51, 5, '75', '100'),
(5512, 84, 5, 51, 5, '25', '100'),
(5513, 85, 5, 51, 5, '25', '100'),
(5514, 86, 5, 51, 5, '50', '100'),
(5515, 87, 5, 51, 5, '25', '100'),
(5516, 88, 5, 51, 5, '50', '100'),
(5517, 89, 5, 51, 5, '50', '100'),
(5518, 90, 5, 51, 5, '50', '100'),
(5519, 91, 5, 51, 5, '50', '100'),
(5520, 92, 5, 51, 5, '100', '100'),
(5521, 93, 5, 51, 5, '100', '100'),
(5522, 94, 5, 51, 5, '75', '100'),
(5523, 95, 5, 51, 5, '100', '100'),
(5524, 96, 5, 51, 5, '50', '100'),
(5525, 97, 5, 51, 5, '75', '100'),
(5526, 98, 5, 51, 5, '100', '100'),
(5527, 99, 5, 51, 5, '100', '100'),
(5528, 100, 5, 51, 5, '100', '100'),
(5529, 101, 5, 51, 5, '75', '100'),
(5530, 102, 5, 51, 5, '50', '100'),
(5531, 103, 5, 51, 5, '75', '100'),
(5532, 104, 5, 51, 5, '100', '100'),
(5533, 105, 5, 51, 5, '100', '100'),
(5534, 106, 5, 51, 5, '100', '100'),
(5535, 107, 5, 51, 5, '100', '100'),
(5536, 108, 5, 51, 5, '100', '100'),
(5537, 109, 5, 51, 5, '100', '100'),
(5538, 110, 5, 51, 5, '100', '100'),
(5539, 111, 5, 51, 5, '50', '100'),
(5540, 112, 5, 51, 5, '75', '100'),
(5541, 113, 5, 51, 5, '100', '100'),
(5542, 114, 5, 51, 5, '100', '100'),
(5543, 115, 5, 51, 5, '100', '100'),
(5544, 116, 5, 51, 5, '50', '100'),
(5545, 117, 5, 51, 5, '75', '100'),
(5546, 118, 5, 51, 5, '100', '100'),
(5547, 119, 5, 51, 5, '100', '100'),
(5548, 120, 5, 51, 5, '100', '100'),
(5549, 121, 5, 51, 5, '50', '100'),
(5550, 122, 5, 51, 5, '75', '100'),
(5551, 12, 5, 52, 8, '100', '100'),
(5552, 13, 5, 52, 8, '75', '75'),
(5553, 14, 5, 52, 8, '100', '50'),
(5554, 15, 5, 52, 8, '100', '100'),
(5555, 16, 5, 52, 8, '100', '100'),
(5556, 17, 5, 52, 8, '75', '75'),
(5557, 18, 5, 52, 8, '100', '100'),
(5558, 19, 5, 52, 8, '100', '75'),
(5559, 20, 5, 52, 8, '100', '100'),
(5560, 21, 5, 52, 8, '100', '100'),
(5561, 22, 5, 52, 8, '100', '50'),
(5562, 23, 5, 52, 8, '75', '75'),
(5563, 24, 5, 52, 8, '100', '100'),
(5564, 25, 5, 52, 8, '75', '75'),
(5565, 26, 5, 52, 8, '100', '100'),
(5566, 27, 5, 52, 8, '100', '50'),
(5567, 28, 5, 52, 8, '100', '100'),
(5568, 29, 5, 52, 8, '100', '50'),
(5569, 30, 5, 52, 8, '100', '100'),
(5570, 31, 5, 52, 8, '100', '100'),
(5571, 32, 5, 52, 8, '100', '100'),
(5572, 33, 5, 52, 8, '100', '75'),
(5573, 34, 5, 52, 8, '100', '100'),
(5574, 35, 5, 52, 8, '100', '100'),
(5575, 36, 5, 52, 8, '100', '50'),
(5576, 37, 5, 52, 8, '100', '100'),
(5577, 38, 5, 52, 8, '100', '50'),
(5578, 39, 5, 52, 8, '75', '75'),
(5579, 40, 5, 52, 8, '100', '100'),
(5580, 41, 5, 52, 8, '100', '50'),
(5581, 42, 5, 52, 8, '100', '100'),
(5582, 43, 5, 52, 8, '100', '100'),
(5583, 44, 5, 52, 8, '100', '100'),
(5584, 45, 5, 52, 8, '100', '100'),
(5585, 46, 5, 52, 8, '50', '50'),
(5586, 47, 5, 52, 8, '100', '100'),
(5587, 48, 5, 52, 8, '75', '75'),
(5588, 49, 5, 52, 8, '75', '75'),
(5589, 50, 5, 52, 8, '75', '75'),
(5590, 51, 5, 52, 8, '75', '75'),
(5591, 52, 5, 52, 8, '100', '100'),
(5592, 53, 5, 52, 8, '100', '50'),
(5593, 54, 5, 52, 8, '100', '100'),
(5594, 55, 5, 52, 8, '100', '100'),
(5595, 56, 5, 52, 8, '75', '75'),
(5596, 57, 5, 52, 8, '75', '75'),
(5597, 58, 5, 52, 8, '100', '50'),
(5598, 59, 5, 52, 8, '100', '50'),
(5599, 60, 5, 52, 8, '100', '100'),
(5600, 61, 5, 52, 8, '75', '75'),
(5601, 62, 5, 52, 8, '100', '100'),
(5602, 63, 5, 52, 8, '100', '100'),
(5603, 64, 5, 52, 8, '0', '0'),
(5604, 65, 5, 52, 8, '100', '100'),
(5605, 66, 5, 52, 8, '75', '75'),
(5606, 67, 5, 52, 8, '100', '50'),
(5607, 68, 5, 52, 8, '100', '100'),
(5608, 69, 5, 52, 8, '100', '50'),
(5609, 70, 5, 52, 8, '100', '100'),
(5610, 71, 5, 52, 8, '100', '100'),
(5611, 72, 5, 52, 8, '100', '100'),
(5612, 73, 5, 52, 8, '100', '100'),
(5613, 74, 5, 52, 8, '100', '100'),
(5614, 75, 5, 52, 8, '100', '50'),
(5615, 76, 5, 52, 8, '100', '100'),
(5616, 77, 5, 52, 8, '100', '100'),
(5617, 78, 5, 52, 8, '100', '50'),
(5618, 79, 5, 52, 8, '100', '100'),
(5619, 80, 5, 52, 8, '100', '100'),
(5620, 81, 5, 52, 8, '100', '100'),
(5621, 82, 5, 52, 8, '75', '75'),
(5622, 83, 5, 52, 8, '100', '50'),
(5623, 84, 5, 52, 8, '100', '75'),
(5624, 85, 5, 52, 8, '75', '75'),
(5625, 86, 5, 52, 8, '100', '100'),
(5626, 87, 5, 52, 8, '100', '100'),
(5627, 88, 5, 52, 8, '100', '50'),
(5628, 89, 5, 52, 8, '75', '75'),
(5629, 90, 5, 52, 8, '100', '75'),
(5630, 91, 5, 52, 8, '75', '75'),
(5631, 92, 5, 52, 8, '100', '100'),
(5632, 93, 5, 52, 8, '100', '100'),
(5633, 94, 5, 52, 8, '100', '50'),
(5634, 95, 5, 52, 8, '100', '100'),
(5635, 96, 5, 52, 8, '100', '100'),
(5636, 97, 5, 52, 8, '75', '75'),
(5637, 98, 5, 52, 8, '75', '75'),
(5638, 99, 5, 52, 8, '75', '75'),
(5639, 100, 5, 52, 8, '75', '50'),
(5640, 101, 5, 52, 8, '100', '100'),
(5641, 102, 5, 52, 8, '100', '50'),
(5642, 103, 5, 52, 8, '75', '75'),
(5643, 104, 5, 52, 8, '100', '100'),
(5644, 105, 5, 52, 8, '100', '50'),
(5645, 106, 5, 52, 8, '75', '75'),
(5646, 107, 5, 52, 8, '75', '75'),
(5647, 108, 5, 52, 8, '75', '75'),
(5648, 109, 5, 52, 8, '100', '50'),
(5649, 110, 5, 52, 8, '75', '75'),
(5650, 111, 5, 52, 8, '100', '50'),
(5651, 112, 5, 52, 8, '75', '75'),
(5652, 113, 5, 52, 8, '100', '100'),
(5653, 114, 5, 52, 8, '100', '50'),
(5654, 115, 5, 52, 8, '100', '100'),
(5655, 116, 5, 52, 8, '100', '100'),
(5656, 117, 5, 52, 8, '75', '75'),
(5657, 118, 5, 52, 8, '75', '75'),
(5658, 119, 5, 52, 8, '100', '50'),
(5659, 120, 5, 52, 8, '100', '100'),
(5660, 121, 5, 52, 8, '100', '50'),
(5661, 122, 5, 52, 8, '75', '75'),
(5662, 12, 5, 53, 8, '50', '50'),
(5663, 13, 5, 53, 8, '50', '50'),
(5664, 14, 5, 53, 8, '50', '50'),
(5665, 15, 5, 53, 8, '50', '50'),
(5666, 16, 5, 53, 8, '50', '50'),
(5667, 17, 5, 53, 8, '25', '25'),
(5668, 18, 5, 53, 8, '25', '25'),
(5669, 19, 5, 53, 8, '25', '25'),
(5670, 20, 5, 53, 8, '50', '50'),
(5671, 21, 5, 53, 8, '50', '50'),
(5672, 22, 5, 53, 8, '25', '25'),
(5673, 23, 5, 53, 8, '0', '0'),
(5674, 24, 5, 53, 8, '50', '50'),
(5675, 25, 5, 53, 8, '25', '25'),
(5676, 26, 5, 53, 8, '25', '25'),
(5677, 27, 5, 53, 8, '50', '50'),
(5678, 28, 5, 53, 8, '25', '50'),
(5679, 29, 5, 53, 8, '50', '50'),
(5680, 30, 5, 53, 8, '25', '25'),
(5681, 31, 5, 53, 8, '25', '25'),
(5682, 32, 5, 53, 8, '25', '25'),
(5683, 33, 5, 53, 8, '25', '25'),
(5684, 34, 5, 53, 8, '25', '25'),
(5685, 35, 5, 53, 8, '50', '50'),
(5686, 36, 5, 53, 8, '50', '50'),
(5687, 37, 5, 53, 8, '25', '25'),
(5688, 38, 5, 53, 8, '0', '0'),
(5689, 39, 5, 53, 8, '0', '0'),
(5690, 40, 5, 53, 8, '25', '25'),
(5691, 41, 5, 53, 8, '25', '25'),
(5692, 42, 5, 53, 8, '0', '0'),
(5693, 43, 5, 53, 8, '50', '50'),
(5694, 44, 5, 53, 8, '25', '25'),
(5695, 45, 5, 53, 8, '25', '25'),
(5696, 46, 5, 53, 8, '25', '25'),
(5697, 47, 5, 53, 8, '0', '0'),
(5698, 48, 5, 53, 8, '50', '50'),
(5699, 49, 5, 53, 8, '25', '25'),
(5700, 50, 5, 53, 8, '75', '75'),
(5701, 51, 5, 53, 8, '75', '75'),
(5702, 52, 5, 53, 8, '25', '25'),
(5703, 53, 5, 53, 8, '25', '25'),
(5704, 54, 5, 53, 8, '25', '25'),
(5705, 55, 5, 53, 8, '50', '50'),
(5706, 56, 5, 53, 8, '25', '25'),
(5707, 57, 5, 53, 8, '25', '25'),
(5708, 58, 5, 53, 8, '25', '25'),
(5709, 59, 5, 53, 8, '25', '25'),
(5710, 60, 5, 53, 8, '25', '25'),
(5711, 61, 5, 53, 8, '25', '25'),
(5712, 62, 5, 53, 8, '25', '25'),
(5713, 63, 5, 53, 8, '0', '0'),
(5714, 64, 5, 53, 8, '0', '0'),
(5715, 65, 5, 53, 8, '25', '25'),
(5716, 66, 5, 53, 8, '0', '0'),
(5717, 67, 5, 53, 8, '0', '0'),
(5718, 68, 5, 53, 8, '0', '0'),
(5719, 69, 5, 53, 8, '25', '25'),
(5720, 70, 5, 53, 8, '50', '50'),
(5721, 71, 5, 53, 8, '50', '50'),
(5722, 72, 5, 53, 8, '25', '25'),
(5723, 73, 5, 53, 8, '25', '0'),
(5724, 74, 5, 53, 8, '50', '50'),
(5725, 75, 5, 53, 8, '25', '25'),
(5726, 76, 5, 53, 8, '0', '0'),
(5727, 77, 5, 53, 8, '0', '0'),
(5728, 78, 5, 53, 8, '75', '75'),
(5729, 79, 5, 53, 8, '75', '75'),
(5730, 80, 5, 53, 8, '50', '50'),
(5731, 81, 5, 53, 8, '0', '0'),
(5732, 82, 5, 53, 8, '50', '50'),
(5733, 83, 5, 53, 8, '25', '25'),
(5734, 84, 5, 53, 8, '0', '0'),
(5735, 85, 5, 53, 8, '50', '50'),
(5736, 86, 5, 53, 8, '25', '25'),
(5737, 87, 5, 53, 8, '0', '0'),
(5738, 88, 5, 53, 8, '0', '0'),
(5739, 89, 5, 53, 8, '0', '0'),
(5740, 90, 5, 53, 8, '25', '25'),
(5741, 91, 5, 53, 8, '25', '25'),
(5742, 92, 5, 53, 8, '0', '0'),
(5743, 93, 5, 53, 8, '0', '0'),
(5744, 94, 5, 53, 8, '0', '0'),
(5745, 95, 5, 53, 8, '0', '0'),
(5746, 96, 5, 53, 8, '25', '25'),
(5747, 97, 5, 53, 8, '25', '25'),
(5748, 98, 5, 53, 8, '0', '0'),
(5749, 99, 5, 53, 8, '0', '0'),
(5750, 100, 5, 53, 8, '0', '0'),
(5751, 101, 5, 53, 8, '0', '0'),
(5752, 102, 5, 53, 8, '25', '25'),
(5753, 103, 5, 53, 8, '25', '25'),
(5754, 104, 5, 53, 8, '50', '50'),
(5755, 105, 5, 53, 8, '50', '50'),
(5756, 106, 5, 53, 8, '25', '25'),
(5757, 107, 5, 53, 8, '50', '50'),
(5758, 108, 5, 53, 8, '50', '50'),
(5759, 109, 5, 53, 8, '50', '50'),
(5760, 110, 5, 53, 8, '25', '25'),
(5761, 111, 5, 53, 8, '50', '50'),
(5762, 112, 5, 53, 8, '50', '50'),
(5763, 113, 5, 53, 8, '25', '25'),
(5764, 114, 5, 53, 8, '50', '50'),
(5765, 115, 5, 53, 8, '25', '25'),
(5766, 116, 5, 53, 8, '50', '50'),
(5767, 117, 5, 53, 8, '50', '50'),
(5768, 118, 5, 53, 8, '25', '25'),
(5769, 119, 5, 53, 8, '25', '25'),
(5770, 120, 5, 53, 8, '0', '0'),
(5771, 121, 5, 53, 8, '25', '25'),
(5772, 122, 5, 53, 8, '25', '25');

-- --------------------------------------------------------

--
-- Table structure for table `encuesta_has_persona`
--

CREATE TABLE `encuesta_has_persona` (
  `encuesta_idencuesta` int(11) NOT NULL,
  `persona_idpersona` int(11) NOT NULL
) ENGINE=InnoDB DEFAULT CHARSET=utf8;

--
-- Dumping data for table `encuesta_has_persona`
--

INSERT INTO `encuesta_has_persona` (`encuesta_idencuesta`, `persona_idpersona`) VALUES
(5, 2),
(5, 3),
(6, 2),
(6, 3),
(7, 2),
(7, 3),
(8, 2),
(8, 3),
(9, 2),
(9, 3),
(10, 2),
(10, 3),
(11, 2),
(11, 3),
(12, 2),
(12, 3),
(40, 2),
(40, 3),
(41, 2),
(41, 3),
(42, 2),
(42, 3),
(43, 2),
(43, 3),
(44, 3),
(44, 4),
(45, 3),
(45, 6),
(47, 3),
(47, 12),
(48, 3),
(48, 5),
(49, 3),
(49, 6),
(50, 3),
(50, 5),
(51, 3),
(51, 13),
(52, 3),
(52, 11),
(53, 3),
(53, 12);

-- --------------------------------------------------------

--
-- Table structure for table `evidencia`
--

CREATE TABLE `evidencia` (
  `idevidencia` int(11) NOT NULL,
  `evidencia_url` varchar(300) NOT NULL,
  `evidencia_descripcion` varchar(600) DEFAULT NULL
) ENGINE=InnoDB DEFAULT CHARSET=utf8;

--
-- Dumping data for table `evidencia`
--

INSERT INTO `evidencia` (`idevidencia`, `evidencia_url`, `evidencia_descripcion`) VALUES
(7, 'evidencias/doc/idperiodo_8/UTN-FRT - Resumen Autovaluacion EFQM2010.xlsx', 'Excel aportado por el profesor Gustavo Maigua, con los calculo realzados el respectivo año.'),
(8, 'evidencias/doc/idperiodo_5/liderazgo.png', ''),
(9, 'evidencias/doc/idperiodo_5/Copia de IMG_20171101_110820.jpg', ''),
(12, 'evidencias/doc/idperiodo_8/01A0019-00004301.pdf', 'test'),
(13, 'evidencias/doc/idperiodo_8/2-INTEGRADOR NELSON ANSARDI (Completo).docx', 'test'),
(14, 'evidencias/doc/idperiodo_5/Copia de IMG_20171101_110245_1.jpg', ''),
(15, 'evidencias/doc/idperiodo_5/Copia de IMG_20171101_110302.jpg', ''),
(16, 'evidencias/doc/idperiodo_5/Copia de IMG_20171101_114514.jpg', ''),
(17, 'evidencias/doc/idperiodo_5/Copia de IMG_20171101_113623.jpg', ''),
(18, 'evidencias/doc/idperiodo_5/Copia de IMG_20171101_113720.jpg', ''),
(19, 'evidencias/doc/idperiodo_5/Copia de IMG_20171101_113644.jpg', ''),
(20, 'evidencias/doc/idperiodo_5/Copia de IMG_20171101_112058.jpg', ''),
(21, 'evidencias/doc/idperiodo_5/liderazgo.png', ''),
(22, 'evidencias/doc/idperiodo_5/Copia de IMG_20171101_114138.jpg', ''),
(23, 'evidencias/doc/idperiodo_5/Copia de IMG_20171101_115204.jpg', ''),
(24, 'evidencias/doc/idperiodo_5/Copia de IMG_20171101_110248.jpg', ''),
(25, 'evidencias/doc/idperiodo_5/Copia de IMG_20171101_112833.jpg', ''),
(26, 'evidencias/doc/idperiodo_5/IMG_20171107_135608_1.jpg', ''),
(27, 'evidencias/doc/idperiodo_5/IMG_20171107_135620.jpg', ''),
(28, 'evidencias/doc/idperiodo_5/IMG_20171107_135630.jpg', ''),
(29, 'evidencias/doc/idperiodo_5/IMG_20171107_135645.jpg', ''),
(30, 'evidencias/doc/idperiodo_5/Presentación Plan Estratégico de Relaciones Internacionales (1).ppt', ''),
(31, 'evidencias/doc/idperiodo_5/1.png', ''),
(32, 'evidencias/doc/idperiodo_5/2.png', ''),
(33, 'evidencias/doc/idperiodo_5/3.png', ''),
(34, 'evidencias/doc/idperiodo_5/sae.PNG', ''),
(35, 'evidencias/doc/idperiodo_5/sae2.PNG', ''),
(36, 'evidencias/doc/idperiodo_5/sae2.PNG', ''),
(37, 'evidencias/doc/idperiodo_5/CLASES DE ZUMBA.jpg', ''),
(38, 'evidencias/doc/idperiodo_5/ENTRENAMIENTOS DEPORTIVOS.jpg', ''),
(39, 'evidencias/doc/idperiodo_5/JORNADA LUCHA CONTRA EL CANCER DE MAMA.jpg', ''),
(40, 'evidencias/doc/idperiodo_5/VISITAS EMPRESAS.jpg', ''),
(41, 'evidencias/doc/idperiodo_5/VISITAS EMPRESSAS.jpg', ''),
(42, 'evidencias/doc/idperiodo_5/gestion de proyecto- tareas SAE2017.jpg', ''),
(43, 'evidencias/doc/idperiodo_5/gestion de proyecto- tareas SAE2017.jpg', ''),
(44, 'evidencias/doc/idperiodo_5/ATLETISMO.jpg', ''),
(45, 'evidencias/doc/idperiodo_5/CHARLAS INFORMATIVAS.jpg', ''),
(46, 'evidencias/doc/idperiodo_5/CURSO OPERADOR PC VOLUNTARIADO.jpg', ''),
(47, 'evidencias/doc/idperiodo_5/DELEGACION DEPORTIVA JUEGOS REGIONALES 2017.jpg', ''),
(48, 'evidencias/doc/idperiodo_5/DIA DE LA MUJER.jpg', ''),
(49, 'evidencias/doc/idperiodo_5/DIA DEL NIÑO ESCUELA 77 LEALES.jpg', ''),
(50, 'evidencias/doc/idperiodo_5/DIA DEL NIÑO.jpg', ''),
(51, 'evidencias/doc/idperiodo_5/DONACION ROPA Y ALIMENTOS PREDIO FERIAL.jpg', ''),
(52, 'evidencias/doc/idperiodo_5/ENTREGA CERTIFICADOS CURSO OPERADOR PC-VOLUNTARIADO.jpg', ''),
(53, 'evidencias/doc/idperiodo_5/FAPPE.jpg', ''),
(54, 'evidencias/doc/idperiodo_5/TORNEOS DE FUTBOL.jpg', ''),
(55, 'evidencias/doc/idperiodo_5/gestion de proyecto- tareas SAE2017.jpg', ''),
(56, 'evidencias/doc/idperiodo_5/Presentación de objetivos e indicadores cumplidos 2017.pptx', 'Presentación de objetivos e indicadores cumplimientos.'),
(57, 'evidencias/doc/idperiodo_5/academica.PNG', ''),
(58, 'evidencias/doc/idperiodo_7/20161110_161334.jpg', ''),
(59, 'evidencias/doc/idperiodo_7/20161110_161412.jpg', ''),
(60, 'evidencias/doc/idperiodo_7/20161110_161923.jpg', ''),
(61, 'evidencias/doc/idperiodo_7/Documento sin título.docx', ''),
(62, 'evidencias/doc/idperiodo_7/20161110_161647.jpg', ''),
(63, 'evidencias/doc/idperiodo_7/1- Entrada a la construccion.jpg', ''),
(64, 'evidencias/doc/idperiodo_7/20161109_194438.jpg', ''),
(65, 'evidencias/doc/idperiodo_7/20161109_194441.jpg', ''),
(66, 'evidencias/doc/idperiodo_7/20161109_200021.jpg', ''),
(67, 'evidencias/doc/idperiodo_7/20161109_202859.jpg', ''),
(68, 'evidencias/doc/idperiodo_7/20161110_163538.jpg', ''),
(69, 'evidencias/doc/idperiodo_7/Cajero Automatico.jpg', ''),
(70, 'evidencias/doc/idperiodo_7/GP1.png', ''),
(71, 'evidencias/doc/idperiodo_7/Playa de Estacionamiento Sur.jpg', ''),
(72, 'evidencias/doc/idperiodo_7/Tachos de Basura de Reciclaje.jpg', ''),
(73, 'evidencias/doc/idperiodo_7/20161110_161401.jpg', ''),
(74, 'evidencias/doc/idperiodo_7/20161124_192540.jpg', ''),
(75, 'evidencias/doc/idperiodo_7/20161124_192540.jpg', ''),
(76, 'evidencias/doc/idperiodo_7/20161124_192550.jpg', ''),
(77, 'evidencias/doc/idperiodo_7/20161124_192557.jpg', ''),
(78, 'evidencias/doc/idperiodo_7/Segundo Pisto nuevo (1).jpg', ''),
(79, 'evidencias/doc/idperiodo_7/Segundo Pisto nuevo (2).jpg', ''),
(80, 'evidencias/doc/idperiodo_7/VID-20161125-WA0118.mp4', ''),
(81, 'evidencias/doc/idperiodo_7/VID-20161125-WA0083.mp4', ''),
(82, 'evidencias/doc/idperiodo_7/VID-20161125-WA0117.mp4', ''),
(83, 'evidencias/doc/idperiodo_5/Sistema GP.pdf', ''),
(84, 'evidencias/doc/idperiodo_5/p6.pdf', ''),
(85, 'evidencias/doc/idperiodo_5/p6.pdf', ''),
(86, 'evidencias/doc/idperiodo_5/p6.pdf', ''),
(87, 'evidencias/doc/idperiodo_5/p6.pdf', ''),
(88, 'evidencias/doc/idperiodo_5/mision vision.pdf', ''),
(89, 'evidencias/doc/idperiodo_5/qosqo.pdf', ''),
(90, 'evidencias/doc/idperiodo_5/face.pdf', ''),
(91, 'evidencias/doc/idperiodo_5/Sistema GP d.pdf', ''),
(92, 'evidencias/doc/idperiodo_5/qosqo g.pdf', ''),
(93, 'evidencias/doc/idperiodo_5/1e tec.pdf', ''),
(94, 'evidencias/doc/idperiodo_5/3b.pdf', ''),
(95, 'evidencias/doc/idperiodo_5/4a.pdf', ''),
(96, 'evidencias/doc/idperiodo_5/qosqo d.pdf', ''),
(97, 'evidencias/doc/idperiodo_5/qosqo g.pdf', ''),
(98, 'evidencias/doc/idperiodo_5/graduados face.png', ''),
(99, 'evidencias/doc/idperiodo_5/Secretario de Vinculación TEC ev1.pdf', ''),
(100, 'evidencias/doc/idperiodo_5/Secretario de Vinculación TEC ev2H2.pdf', ''),
(101, 'evidencias/doc/idperiodo_5/20171114_184435.jpg', ''),
(102, 'evidencias/doc/idperiodo_5/20171114_184457.jpg', ''),
(103, 'evidencias/doc/idperiodo_5/20171114_184507.jpg', ''),
(104, 'evidencias/doc/idperiodo_5/20171114_183847.jpg', ''),
(105, 'evidencias/doc/idperiodo_5/20171114_183947.jpg', ''),
(106, 'evidencias/doc/idperiodo_5/20171114_184000.jpg', ''),
(107, 'evidencias/doc/idperiodo_5/20171118_125922.jpg', ''),
(108, 'evidencias/doc/idperiodo_5/20171118_125958.jpg', ''),
(109, 'evidencias/doc/idperiodo_5/20171118_130035.jpg', ''),
(110, 'evidencias/doc/idperiodo_5/evidencias.PNG', ''),
(111, 'evidencias/doc/idperiodo_5/evidencia funciones.PNG', ''),
(112, 'evidencias/doc/idperiodo_5/evidencia 2.PNG', ''),
(113, 'evidencias/doc/idperiodo_5/evidencia 3.PNG', '');

-- --------------------------------------------------------

--
-- Table structure for table `mejora`
--

CREATE TABLE `mejora` (
  `idmejora` int(11) NOT NULL,
  `mejoradescriocion` varchar(600) NOT NULL,
  `prioridad_mejora_idprioridad_mejora` int(11) NOT NULL,
  `encuesta_idencuesta` int(11) NOT NULL,
  `estado` enum('pendiente','en proceso','finalizado') NOT NULL,
  `periodo_idperiodo` int(11) NOT NULL
) ENGINE=InnoDB DEFAULT CHARSET=utf8;

--
-- Dumping data for table `mejora`
--

INSERT INTO `mejora` (`idmejora`, `mejoradescriocion`, `prioridad_mejora_idprioridad_mejora`, `encuesta_idencuesta`, `estado`, `periodo_idperiodo`) VALUES
(1, 'Implementar un sistema para poder comparar, mediante indicadores, la situación actual de la universidad con respecto a otras universidades.', 2, 29, 'en proceso', 7),
(2, 'Implementar un sistema para poder comparar, mediante indicadores, la situación actual de la universidad con respecto a la sociedad. ¿Qué piensa la sociedad de la facultad?', 2, 29, 'en proceso', 7),
(3, 'Establecer un filtrado de Notas por mesa de entrada para llevar una mejor gestión de las quejas, Categorizar las notas y poder dar una mayor prioridad a las notas del tipo “Quejas o Sugerencias”', 2, 29, 'en proceso', 7),
(4, 'Necesidad de realizar actividades de trabajo en equipo y comunicación en los diferentes equipos de trabajo, principalmente en el personal No Docente.', 2, 29, 'en proceso', 7),
(5, 'Necesidad de definir una política de reconocimiento hacia el Personal de Administración y Servicios.', 2, 29, 'en proceso', 7),
(6, 'Necesidad de establecer una política de información que incluya qué tipo de información se va a proporcionar, su periodicidad y nivel de desagregación.', 2, 29, 'en proceso', 7),
(7, 'Esta política debe estar alineada con la política de información y difusión de la Facultad.', 2, 29, 'en proceso', 7),
(8, 'Necesidad de definir mapa de procesos identificando los procesos estratégicos, claves y de apoyo así como la lista de procesos. Identificación, diseño y documentación. Medición y Control.', 2, 29, 'en proceso', 7),
(9, 'Necesidad de establecer un sistema para medir la satisfacción del cliente.', 2, 29, 'en proceso', 7),
(10, 'Falta de una metodología para incorporar la opinión de los clientes a los procesos y su posible adaptación-modificación.', 2, 29, 'en proceso', 7),
(11, 'Necesidad de crear un sistema formal de medición de la satisfacción de los empleados.', 2, 29, 'en proceso', 7),
(12, 'Necesidad de creación de un sistema de medición de la percepción de la Sociedad.', 2, 29, 'en proceso', 7),
(13, 'Sistematizar la recogida de información de necesidades, quejas y reclamaciones y su uso posterior.', 3, 29, 'en proceso', 7),
(14, 'Establecer un sistema para medir la satisfacción del cliente. Establecer una gama de indicadores sobre la satisfacción de las personas e implementar una metodología para estudiar las relaciones causa-efecto de dichos.', 3, 29, 'en proceso', 7),
(15, 'Definir un Sistema de Gestión de Procesos que incluya el mapa de procesos identificando los procesos estratégicos, claves y de apoyo, así como la lista de procesos. También debe incluir tanto el diseño y documentación de cada proceso, como así también la medición y control.', 3, 29, 'en proceso', 7),
(16, 'Necesidad de dejar registro de las reuniones realizadas por el Decanato, especificando una agenda de temas claves que abordaran, quienes participaron y conclusiones al respecto.', 2, 29, 'en proceso', 7),
(17, 'Diseñar e implementar una política de reconocimiento hacia el Personal. Se debe considerar incentivos y movilidad.', 2, 29, 'en proceso', 7),
(18, 'Elaborar un plan técnico periódico el cual verifique el estado de las instalaciones de la facultad, llevando un registro del mantenimiento realizado y detallando el estado de los mismos.', 2, 29, 'en proceso', 7),
(19, 'Crear una metodología para incorporar la opinión de los clientes a los procesos y su posible adaptación-modificación.', 2, 29, 'en proceso', 7),
(20, 'Diseñar e implementar una metodología que permita identificar necesidades y expectativas de todo el personal de la organización (Ej: encuestas de clima laboral) así como proceso de análisis y elaboración de plan de acción.', 2, 29, 'en proceso', 7),
(21, 'Establecer una gama de indicadores sobre la satisfacción de las personas e implementar una metodología para estudiar las relaciones causa-efecto de dichos resultados.', 2, 29, 'en proceso', 7),
(22, 'Formalizar los planes operativos de los procesos claves.', 1, 29, 'en proceso', 7),
(23, 'Crear un sistema de medición de la percepción de la Sociedad. Identificar con qué procesos están relacionados los índices de percepción social, y con qué indicadores de dichos procesos puede existir una correspondencia.', 1, 29, 'en proceso', 7),
(24, 'Establecer una política de información que incluya qué tipo de información se va a proporcionar, su periodicidad y nivel de desagregación. Esta política debe estar alineada con la política de información y difusión de la Facultad.', 1, 29, 'en proceso', 7),
(25, 'Diseñar un proceso para definición y difusión interna y externa de objetivos y área clave.', 1, 29, 'en proceso', 7),
(26, 'Necesidad de poner en marcha un Sistema de Gestión por Procesos y medir y analizar resultados.', 3, 21, 'finalizado', 3),
(28, 'Pocos procesos claramente definidos en algunas unidades y fase de elaboración de procesos en otras.', 3, 21, 'finalizado', 3),
(29, 'Inexistencia de documentos base donde se definen los objetivos de las secretarías.', 3, 21, 'en proceso', 3),
(30, 'Necesidad de formalizar los planes operativos de los procesos claves.', 3, 21, 'finalizado', 3),
(31, 'Necesidad de crear un plan de formación anual y realizar la evaluación respectiva.', 3, 21, 'finalizado', 3),
(32, 'Necesidad de establecer un sistema de incentivos y de movilidad.', 3, 21, 'finalizado', 3),
(33, 'Necesidad de realizar actividades de trabajo en equipo y comunicación en los diferentes equipos de trabajo, principalmente en el personal No Docente.', 3, 21, 'pendiente', 3),
(34, 'Necesidad de definir una política de reconocimiento hacia el Personal de Administración y Servicios.', 3, 21, 'pendiente', 3),
(35, 'Necesidad de establecer una política de información que incluya qué tipo de información se va a proporcionar, su periodicidad y nivel de desagregación.', 3, 21, 'pendiente', 3),
(36, 'Esta política debe estar alineada con la política de información y difusión de la Facultad.', 3, 21, 'pendiente', 3),
(37, 'Falta de información centralizada y procesada que pueda ser utilizada en los procesos de toma de decisiones. Necesidad de crear un cuadro de mando.', 3, 21, 'finalizado', 3),
(38, 'Necesidad de definir mapa de procesos identificando los procesos estratégicos, claves y de apoyo así como la lista de procesos. Identificación, diseño y documentación. Medición y Control.', 3, 21, 'pendiente', 3),
(39, 'Necesidad de formalizar la recogida de información proveniente del mercado de clientes para la creación de nuevos servicios o modificación de los mismos.', 3, 21, 'finalizado', 3),
(40, 'Sistematizar la recogida de información de necesidades, quejas y reclamaciones y su uso posterior.', 3, 21, 'finalizado', 3),
(41, 'Necesidad de establecer un sistema para medir la satisfacción del cliente.', 3, 21, 'pendiente', 3),
(42, 'Falta de una metodología para incorporar la opinión de los clientes a los procesos y su posible adaptación-modificación.', 3, 21, 'pendiente', 3),
(43, 'Necesidad de crear un sistema formal de medición de la satisfacción de los empleados.', 3, 21, 'pendiente', 3),
(44, 'Necesidad de creación de un sistema de medición de la percepción de la Sociedad.', 3, 21, 'pendiente', 3),
(45, 'Necesidad de creación de un sistema de medición de la percepción de la Sociedad.', 3, 21, 'pendiente', 3),
(46, 'Necesidad de medición sistemática de procesos y resultados clave.', 3, 21, 'finalizado', 3),
(47, 'Diseñar un proceso para crear, validar y comunicar los objetivos de cada secretaría.', 3, 21, 'finalizado', 3),
(49, 'Establecer un sistema para medir la satisfacción del cliente. Establecer una gama de indicadores sobre la satisfacción de las personas e implementar una metodología para estudiar las relaciones causa-efecto de dichos.', 3, 21, 'pendiente', 3),
(50, 'Crear un cuadro de mando que permita disponer de información centralizada y procesada que pueda ser utilizada en los procesos de toma de decisiones.', 3, 21, 'finalizado', 3),
(51, 'Realizar un sistema que permita disponer de información centralizada.', 3, 21, 'finalizado', 3),
(52, 'Definir un Sistema de Gestión de Procesos que incluya el mapa de procesos identificando los procesos estratégicos, claves y de apoyo así como la lista de procesos. También debe incluir tanto el diseño y documentación de cada proceso, como así también la medición y control.', 3, 21, 'en proceso', 3),
(53, 'Poner en marcha un Sistema de Gestión de Procesos que permita medir y analizar resultados.', 3, 21, 'finalizado', 3),
(54, 'Definir con claridad y en un único documento la Misión y Visión de la facultad y comunicarlo a todos los grupos de interés.', 3, 21, 'finalizado', 3),
(55, 'Diseñar e implementar una política de reconocimiento hacia el Personal. Se debe considerar incentivos y movilidad.', 2, 21, 'pendiente', 3),
(56, 'Realizar actividades relacionadas a la mejora del trabajo en equipo y comunicación en las diferentes secretarías y áreas de trabajo, principalmente en el personal No Docente.', 2, 21, 'finalizado', 3),
(57, 'Crear una metodología para incorporar la opinión de los clientes a los procesos y su posible adaptación-modificación.', 2, 21, 'pendiente', 3),
(58, 'Diseñar e implementar una metodología que permita identificar necesidades y expectativas de todo el personal de la organización (Ej: encuestas de clima laboral) así como proceso de análisis y elaboración de plan de acción.', 2, 21, 'pendiente', 3),
(59, 'Establecer una gama de indicadores sobre la satisfacción de las personas e implementar una metodología para estudiar las relaciones causa-efecto de dichos resultados.', 2, 21, 'pendiente', 3),
(60, 'Realizar un informe recopilatorio de las apariciones en prensa, premios y agradecimientos recibidos.', 2, 21, 'finalizado', 3),
(61, 'Formalizar los planes operativos de los procesos claves.', 1, 21, 'en proceso', 3),
(62, 'Crear un plan de formación anual y realizar la evaluación respectiva.', 1, 21, 'finalizado', 3),
(63, 'Crear un sistema de medición de la percepción de la Sociedad. Identificar con qué procesos están relacionados los índices de percepción social, y con qué indicadores de dichos procesos puede existir una correspondencia.', 1, 21, 'pendiente', 3),
(64, 'Diseñar e implementar un sistema de medición de los objetivos marcados y revisión de los resultados de los procesos claves y de soporte.', 1, 21, 'finalizado', 3),
(65, 'Establecer una política de información que incluya qué tipo de información se va a proporcionar, su periodicidad y nivel de desagregación. Esta política debe estar alineada con la política de información y difusión de la Facultad.', 1, 21, 'pendiente', 3),
(66, 'Formalizar la recogida de información proveniente de mercado o de clientes para la creación de nuevos servicios o modificación de los mismos.', 1, 21, 'finalizado', 3),
(67, 'Diseñar un proceso para definición y difusión interna y externa de objetivos y área clave.', 1, 21, 'en proceso', 3),
(68, 'Establecer indicadores para todos los procesos claves.', 1, 21, 'finalizado', 3),
(69, 'Implementar un sistema para poder comparar, mediante indicadores, la situación actual de la universidad con respecto a otras universidades.', 2, 43, 'pendiente', 5),
(70, 'Implementar el análisis de riesgos en los procesos claves, teniendo en cuenta además, planes de contingencias para los mismos.\r\n', 3, 49, 'pendiente', 5),
(71, 'Implementar un registro formal de indicadores, donde se compare la situación con otras universidades.', 2, 49, 'pendiente', 5),
(72, 'Implementar un sistema para poder comparar, mediante indicadores, la situación actual de la universidad con respecto a otras universidades.\r\n', 2, 45, 'pendiente', 5),
(73, 'Necesidad de crear un sistema formal de medición de la satisfacción de los empleados.\r\n', 2, 45, 'pendiente', 5),
(74, 'Necesidad de utilizar un sistema formal para el registro de objetivos a corto plazo.\r\n', 3, 45, 'pendiente', 5),
(75, 'Implementar el análisis de riesgos en los procesos claves, teniendo en cuenta además, planes de contingencias para los mismos.\r\n', 3, 45, 'pendiente', 5),
(76, 'Implementar un registro formal de quejas y sugerencias tanto de los empleados como de los clientes.\r\n', 3, 45, 'pendiente', 5),
(77, 'Crear un sistema para medir la percepción de la Sociedad.\r\n', 2, 45, 'pendiente', 5),
(78, 'Implementar un registro formal de indicadores, donde se compare la situación con otras universidades.\r\n', 3, 44, 'pendiente', 5),
(79, 'Establecer un sistema de incentivo y movilidad.\r\n', 3, 44, 'pendiente', 5),
(80, 'Implementar un registro formal de indicadores, donde se compare la situación con otras universidades.', 3, 47, 'pendiente', 5),
(81, 'Implementar un registro formal sobre capacitaciones realizadas por parte del personal', 3, 47, 'pendiente', 5),
(82, 'Implementar usos de indicadores para poder comparar con otras universidades', 2, 42, 'pendiente', 5),
(83, 'Tener toda la información posible documentada para una mejor autoevaluacion', 3, 42, 'pendiente', 5),
(84, 'Implementar un registro formal de indicadores, donde se compare la situación con otras universidades.', 1, 41, 'pendiente', 5),
(85, 'Registro formal de indicadores con respecto a otras universidades.', 3, 53, 'pendiente', 5),
(86, 'Establecer un registro formal de quejas empleados y clientes', 3, 53, 'pendiente', 5),
(87, 'Implementar un registro formal de indicadores para evaluar los alcances de cada una de las publicaciones y actividades que realiza la Secretaría', 3, 52, 'pendiente', 5),
(88, 'Realizar una encuesta interna anual a los empleados de la secretaría para conocer su opinión sobre lo desarrollado por la misma durante el año, que aspectos creen que se podrían mejorar, etc.', 2, 52, 'pendiente', 5);

-- --------------------------------------------------------

--
-- Table structure for table `organizacion`
--

CREATE TABLE `organizacion` (
  `idorganizacion` int(11) NOT NULL,
  `organizacion_nombre` varchar(45) NOT NULL
) ENGINE=InnoDB DEFAULT CHARSET=utf8;

--
-- Dumping data for table `organizacion`
--

INSERT INTO `organizacion` (`idorganizacion`, `organizacion_nombre`) VALUES
(1, 'UTN - FRT');

-- --------------------------------------------------------

--
-- Table structure for table `periodo`
--

CREATE TABLE `periodo` (
  `idperiodo` int(11) NOT NULL,
  `periodo_anio` year(4) NOT NULL,
  `periodo_descripcion` varchar(45) DEFAULT NULL,
  `periodo_estado` enum('pendiente','finalizado') DEFAULT NULL
) ENGINE=InnoDB DEFAULT CHARSET=utf8;

--
-- Dumping data for table `periodo`
--

INSERT INTO `periodo` (`idperiodo`, `periodo_anio`, `periodo_descripcion`, `periodo_estado`) VALUES
(1, 2012, '', 'finalizado'),
(3, 2015, '', 'finalizado'),
(5, 2017, '', 'finalizado'),
(7, 2016, '', 'finalizado'),
(8, 2010, '', 'finalizado');

-- --------------------------------------------------------

--
-- Table structure for table `periodo_has_criterio`
--

CREATE TABLE `periodo_has_criterio` (
  `periodo_idperiodo` int(11) NOT NULL,
  `criterio_idcriterio` int(11) NOT NULL,
  `ptos_efqm` float NOT NULL,
  `ptos_totales_obtenidos` float NOT NULL
) ENGINE=InnoDB DEFAULT CHARSET=utf8;

--
-- Dumping data for table `periodo_has_criterio`
--

INSERT INTO `periodo_has_criterio` (`periodo_idperiodo`, `criterio_idcriterio`, `ptos_efqm`, `ptos_totales_obtenidos`) VALUES
(1, 1, 100, 39.4271),
(1, 2, 100, 22.2005),
(1, 3, 100, 16.6927),
(1, 4, 100, 30),
(1, 5, 100, 22.1875),
(1, 6, 150, 22.876),
(1, 7, 100, 12.5868),
(1, 8, 100, 9.47266),
(1, 9, 150, 20.4102),
(3, 1, 100, 43.5417),
(3, 2, 100, 44.7266),
(3, 3, 100, 18.8151),
(3, 4, 100, 37.8125),
(3, 5, 100, 31.7188),
(3, 6, 150, 21.167),
(3, 7, 100, 23.4375),
(3, 8, 100, 13.1185),
(3, 9, 150, 37.5),
(5, 1, 100, 67.6923),
(5, 2, 80, 45.9615),
(5, 3, 90, 45.2668),
(5, 4, 90, 53.2067),
(5, 5, 140, 74.9135),
(5, 6, 200, 80.2617),
(5, 7, 90, 31.1899),
(5, 8, 60, 27.3978),
(5, 9, 150, 76.4423),
(7, 1, 100, 68.8258),
(7, 2, 100, 65.1989),
(7, 3, 100, 36.25),
(7, 4, 100, 69.7727),
(7, 5, 100, 58.75),
(7, 6, 150, 44.9041),
(7, 7, 100, 38.3207),
(7, 8, 100, 26.8703),
(7, 9, 150, 66.8324),
(8, 1, 100, 43.75),
(8, 2, 100, 23.9583),
(8, 3, 100, 34.1667),
(8, 4, 100, 33.8542),
(8, 5, 100, 25.9896),
(8, 6, 150, 33.8867),
(8, 7, 100, 12.5868),
(8, 8, 100, 18.9453),
(8, 9, 150, 29.0039);

-- --------------------------------------------------------

--
-- Table structure for table `persona`
--

CREATE TABLE `persona` (
  `idpersona` int(11) NOT NULL,
  `personanombre` varchar(100) NOT NULL,
  `persona_tipo_idpersona_tipo` int(11) NOT NULL
) ENGINE=InnoDB DEFAULT CHARSET=utf8;

--
-- Dumping data for table `persona`
--

INSERT INTO `persona` (`idpersona`, `personanombre`, `persona_tipo_idpersona_tipo`) VALUES
(1, 'Gustavo Lagarde', 1),
(2, 'ND-Entrevistador', 2),
(3, 'ND-Entrevistado', 3),
(4, 'Julieta Maturana', 2),
(5, 'Pablo Tolaba', 2),
(6, 'Melisa Gramajo', 2),
(7, 'Fernando Quiroga', 2),
(8, 'Gustavo Lagarde', 2),
(9, 'Fiama Diaz', 2),
(10, 'Mariano Diaz', 2),
(11, 'Jesus Nelegati', 2),
(12, 'Laura Ragonese ', 2),
(13, 'Jamila Buabud', 2),
(14, 'Invitado', 4);

-- --------------------------------------------------------

--
-- Table structure for table `persona_tipo`
--

CREATE TABLE `persona_tipo` (
  `idpersona_tipo` int(11) NOT NULL,
  `persona_tipo_descripcion` varchar(45) NOT NULL
) ENGINE=InnoDB DEFAULT CHARSET=utf8;

--
-- Dumping data for table `persona_tipo`
--

INSERT INTO `persona_tipo` (`idpersona_tipo`, `persona_tipo_descripcion`) VALUES
(1, 'Administrador'),
(2, 'Entrevistador'),
(3, 'Entrevistado'),
(4, 'Visualizador');

-- --------------------------------------------------------

--
-- Table structure for table `pregunta`
--

CREATE TABLE `pregunta` (
  `idpregunta` int(11) NOT NULL,
  `pregunta_descripcion` varchar(600) NOT NULL,
  `subcriterio_idsubcriterio` int(11) NOT NULL,
  `pregunta_grupo_idpregunta_grupo` int(11) NOT NULL
) ENGINE=InnoDB DEFAULT CHARSET=utf8;

--
-- Dumping data for table `pregunta`
--

INSERT INTO `pregunta` (`idpregunta`, `pregunta_descripcion`, `subcriterio_idsubcriterio`, `pregunta_grupo_idpregunta_grupo`) VALUES
(12, '¿Han sido definidos por parte del Equipo Directivo la Misión, la Visión, los Principios Éticos y Valores que conforman la \"Cultura\" de la Universidad, y han sido convenientemente divulgados a todos los Grupos de Interés (profesores, alumnos, Personal de Administración y Servicios (PAS), Consejo Social, etc.)?', 1, 1),
(13, '¿Incluyen dichos valores conceptos tales como calidad y aprendizaje? ', 1, 1),
(14, 'El comportamiento del Equipo Directivo ¿es coherente con dichos valores?', 1, 1),
(15, '¿Impulsa la Gerencia el desarrollo e implantación de un Sistema de Gestión por Procesos que permita traducir la Estrategia/Presupuesto a objetivos cuantificables que, medidos de forma periódica, sirvan para mejorar los resultados globales?', 2, 2),
(16, '¿Se relaciona el Equipo Directivo con los profesores, alumnos, socios y representantes de la sociedad para conocer sus necesidades y expectativas?', 3, 3),
(17, '¿Se implican y apoyan actividades de mejora, protección medioambiental o de contribución a la sociedad?', 3, 3),
(18, '¿Mantiene el Equipo Directivo una comunicación fluida y bidireccional con sus empleados?', 4, 4),
(19, '¿Aprovechan dicha comunicación para transmitir los Valores y las Estrategias de la Universidad? ', 4, 4),
(20, '¿Escuchan las aportaciones y/o quejas de sus empleados?', 4, 4),
(21, '¿Apoya el Equipo Directivo a sus empleados y les ayudan si es necesario para conseguir sus objetivos? ', 4, 5),
(22, '¿Les animan y facilitan la participación en equipos/actividades de mejora? ', 4, 5),
(23, '¿Reconocen adecuadamente a individuos o equipos por su contribución a dichas actividades?', 4, 5),
(24, '¿Define e impulsa el Equipo Directivo los cambios necesarios para adecuar la Universidad? ', 5, 6),
(25, '¿Garantizan la inversión, los recursos y el apoyo necesarios para desarrollar dichos cambios? ', 5, 6),
(26, '¿Una vez producidos los cambios, se mide la eficacia de los mismos y se comunican a los Grupos de Interés?', 5, 6),
(27, 'En la definición del Plan Operativo/Presupuesto Anual de la Unidad Organizativa, ¿se recogen y consideran las Necesidades y Expectativas de los diferentes Grupos de Interés (empleados de la propia Unidad, estudiantes, potenciales estudiantes, PDI, PAS, centros, departamentos, órganos de gobierno, Admones. Públicas e instituciones conveniadas), así como datos sobre el comportamiento del sistema uni', 6, 1),
(28, 'En la definición del Plan Operativo/Presupuesto Anual de la Unidad Organizativa, ¿se recogen y consideran los resultados de las mediciones anteriores, tanto propios como de unidades similares, y se analizan los impactos de la legislación aplicable, la innovación tecnológica, y los indicadores socioeconómicos y demográficos a corto y largo plazo?', 7, 2),
(29, 'En la definición del Plan Operativo/Presupuesto Anual de la Unidad Organizativa, ¿se tienen en cuenta: Coherencia con los Principios Éticos y Valores que conforman su \"Cultura\"?', 8, 3),
(30, 'En la definición del Plan Operativo/Presupuesto Anual de la Unidad Organizativa, ¿se tienen en cuenta: Atención equilibrada de necesidades y expectativas de los Grupos de Interés.?', 8, 3),
(31, 'En la definición del Plan Operativo/Presupuesto Anual de la Unidad Organizativa, ¿se tienen en cuenta: Análisis de Riesgos y Plazos e identificación de los Factores Críticos de Éxito?', 8, 3),
(32, '¿Se identifican los Procesos Clave de la Unidad Organizativa y se despliega el Plan Operativo a través de ellos? ', 9, 4),
(33, '¿Se descomponen los Objetivos y Metas de la Unidad Organizativa a través de los distintos niveles, llegando hasta la definición y seguimiento de los objetivos individuales o de equipo?', 9, 4),
(34, '¿Se evalúa el nivel de conocimiento y sensibilización de los Grupos de Interés sobre los aspectos fundamentales de la Estrategia, Plan Operativo y Presupuesto, según sea apropiado?', 9, 4),
(35, '¿Existe un Plan específico de Personal de Administración y Servicios, respetuoso con la legislación vigente y la igualdad de oportunidades, alineado con la Estrategia y el Plan Operativo de la Universidad, y se revisa conjuntamente con ellos? ', 10, 1),
(36, '¿Se tienen en cuenta las opiniones del Personal de Administración y Servicios en la definición de dicho Plan?', 10, 1),
(37, '¿Se preocupa el Equipo Directivo del desarrollo personal y profesional del Personal de Administración y Servicios, procurando la adecuación de sus conocimientos y experiencia a las necesidades derivadas de su responsabilidad? ', 11, 2),
(38, '¿Se desarrollan e implantan planes de formación que faciliten dicha adecuación? ', 11, 2),
(39, '¿Se asigna al Personal de Administración y Servicios objetivos individuales y de equipo, y se evalúa su rendimiento?', 11, 2),
(40, '¿Estimula el Equipo Directivo la implicación del PAS hacia la consecución de sus objetivos, mediante la motivación y el reconocimiento? ', 12, 3),
(41, '¿Promueve y facilita el Equipo Directivo la participación del PAS en acciones de mejora?', 12, 3),
(42, '¿Impulsa y motiva al PAS hacia la innovación y la creatividad, siendo receptiva a sus aportaciones y sugerencias de mejora?', 12, 3),
(43, '¿Se preocupa el Equipo Directivo de establecer una buena comunicación con/entre sus empleados?', 13, 4),
(44, '¿Se han desarrollado cauces de comunicación verticales y horizontales y se utilizan eficientemente? ', 13, 4),
(45, '¿Se aprovechan dichos canales de comunicación para difundir el conocimiento y las buenas prácticas?', 13, 4),
(46, '¿Se asegura el Equipo directivo del alineamiento de sus políticas de remuneración, movilidad, etc., con el Plan Operativo y Presupuesto? ', 14, 5),
(47, '¿Existe una política de reconocimiento hacia el PAS y fomento de la concienciación en temas medioambientales y de seguridad e higiene? ', 14, 5),
(48, '¿Se proporciona al PAS unas instalaciones y servicios de alta calidad? ', 14, 5),
(49, '¿Existe sensibilidad ante necesidades personales/clientes?', 14, 5),
(50, '¿Identifica la Unidad Organizativa aquellas Organizaciones clave con las que se relaciona (Universidades, administraciones públicas, proveedores, etc.)?', 15, 1),
(51, '¿Desarrolla con ellas acuerdos de colaboración, fomentando la transferencia de conocimientos y el aprovechamiento de sinergias?', 15, 1),
(52, '¿Se ha definido e implantado una estrategia económico-financiera, alineada con la Estrategia/Plan Operativo de la Unidad Organizativa y traducida en un Presupuesto Anual? ', 16, 2),
(53, '¿Contempla dicha estrategia tanto las inversiones previstas, como los recursos necesarios para la financiación de las actividades de la Unidad Organizativa?', 16, 2),
(54, '¿Contempla una adecuada gestión del riesgo financiero, gestión de cobros (cuando proceda), etc.?', 16, 2),
(55, '¿Se asegura la Unidad Organizativa del adecuado funcionamiento, conservación y seguridad de sus edificios e instalaciones? ', 17, 3),
(56, '¿Se optimizan recursos, inventarios y se reducen consumos de suministros y energías (principalmente, los no renovables)? ', 17, 3),
(57, '¿Se cuidan adecuadamente los aspectos medioambientales y de reciclado de residuos?', 17, 3),
(58, '¿Identifica la Unidad Organizativa las tecnologías e instalaciones más adecuadas para cubrir sus necesidades y las de sus clientes? ', 18, 4),
(59, '¿Gestiona adecuadamente las tecnologías existentes y se preocupa de su actualización y renovación?', 18, 4),
(60, '¿Recoge y gestiona adecuadamente la Unidad Organizativa toda la información pertinente para el cumplimiento de sus fines? ', 19, 5),
(61, '¿Facilita a sus Grupos de Interés el acceso a las informaciones que son de su interés?', 19, 5),
(62, '¿Protege adecuadamente la información sensible, tanto para la gestión como para las personas?', 19, 5),
(63, '¿La Facultad dispone y aplica una metodología de procesos orientada a la identificación, diseño y documentación de sus Procesos Clave, que son aquéllos considerados imprescindibles para desplegar y desarrollar la Estrategia y Plan Operativo? ', 20, 1),
(64, '¿Dicha metodología de procesos se corresponde con alguna estandarización del tipo ISO 9000 propia de la Universidad o similar?', 20, 1),
(65, '¿Disponen los Procesos, y en especial los denominados Clave, de unos sistemas de medición o indicadores, que permitan establecer sus objetivos de rendimiento y evaluar los resultados obtenidos? ', 20, 2),
(66, '¿Se han identificado aquellas áreas de los procesos que son comunes con otras unidades y a agentes externos a éste (proveedores, administración, etc.)?', 20, 2),
(67, '¿Se revisa regularmente la eficiencia de los Procesos y se modifican apropiadamente en función de dichas revisiones, así como en función de las informaciones procedentes de sugerencias de mejora, actividades de aprendizaje, propuestas de innovación, etc.? ', 21, 3),
(68, 'La implantación de los cambios en los Procesos, ¿se realiza mediante un análisis previo (piloto) y una adecuada comunicación/formación a todos los implicados?', 21, 3),
(69, '¿Se recogen informaciones procedentes de estudios de mercado y competencia, necesidades y expectativas de clientes, sugerencias innovadoras y creativas..., ?', 22, 4),
(70, '¿se tiene en cuenta esta informacion a la hora de definir los nuevos Productos, Servicios y actividades de la Unidad organizativa?', 22, 4),
(71, '¿Se investigan las necesidades y expectativas, así como el grado de satisfacción de los clientes con los Productos y Servicios, y se utiliza dicha información para la modificación y mejora de los mismos?', 22, 5),
(72, '¿Se asegura la Unidad organizativa de que las características y prestaciones de los Productos y Servicios que proporciona a sus clientes responden a las especificaciones de su diseño? ', 23, 6),
(73, '¿Comunica veraz y adecuadamente la Unidad organizativa las condiciones de prestación de sus Productos y Servicios a sus potenciales clientes? ', 23, 6),
(74, '¿Establece niveles de compromiso y es consecuente con los mismos?', 23, 6),
(75, '¿Desarrolla la Unidad organizativa actividades encaminadas a identificar necesidades y expectativas de sus clientes? ', 24, 7),
(76, '¿Dispone la Unidad organizativa de cauces de comunicación para la recepción de quejas y reclamaciones de sus clientes? ', 24, 7),
(77, '¿Tramita las mismas de forma sistemática y utiliza dicha información para la mejora permanente de sus servicios?', 24, 7),
(78, '¿Identifica la Universidad cuáles son los aspectos más significativos y que más aprecian sus clientes? ', 25, 1),
(79, '¿El método que se utiliza para identificar dichos aspectos es fiable, se revisa de forma periódica y permite segmentar los resultados en función de los diferentes grupos de clientes?', 25, 1),
(80, '¿Obtiene periódicamente los Servicios de la Universidad información directa del grado de satisfacción de los diferentes grupos de clientes respecto a dichos aspectos más significativos, así como de los servicios recibidos, y el nivel de satisfacción global?', 25, 2),
(81, 'Sobre los indicadores del grado de satisfacción de clientes, ¿se marcan objetivos y se miden los resultados obtenidos? ', 25, 3),
(82, '¿La tendencia de dichos indicadores es positiva? ', 25, 3),
(83, 'Si en alguno no lo fuera, ¿se han averiguado las causas y establecido las acciones de mejora adecuadas?', 25, 3),
(84, '¿Se comparan los índices de satisfacción de clientes con los de los Servicios en otras Universidades? ', 25, 4),
(85, 'Respecto a dichos indicadores, ¿en qué situación competitiva situamos a la Universidad?', 25, 4),
(86, 'Teniendo en cuenta cuáles son los aspectos más valorados por los clientes, ¿ha identificado la Universidad con qué procesos están relacionados y con qué indicadores de dichos procesos puede existir una correspondencia?', 26, 5),
(87, 'Sobre los indicadores de dichos procesos, que inciden directamente en la satisfacción de los clientes, ¿se marcan objetivos y se miden los resultados obtenidos? ', 26, 6),
(88, '¿La tendencia de dichos indicadores es positiva? ', 26, 6),
(89, 'Si en alguno no lo fuera, ¿se han averiguado las causas y establecido las acciones de mejora adecuadas?', 26, 6),
(90, '¿Se comparan los resultados de dichos indicadores con los de otras Universidades o el propio sector? ', 26, 7),
(91, 'Respecto a dichos indicadores, ¿en qué situación competitiva situamos a los Servicios de la Universidad?', 26, 7),
(92, '¿Obtiene periódicamente la Facultad información directa del grado de satisfacción de los diferentes grupos de empleados respecto a aquellos aspectos que les son más significativos, así como del nivel de satisfacción global?', 27, 1),
(93, 'Sobre los indicadores del grado de satisfacción de los empleados, ¿se marcan objetivos y se miden los resultados obtenidos? ', 27, 2),
(94, '¿La tendencia de dichos indicadores es positiva? ', 27, 2),
(95, 'Si en alguno no lo fuera, ¿se han averiguado las causas y establecido las acciones de mejora adecuadas?', 27, 2),
(96, '¿Se comparan los índices de satisfacción de los empleados con los de otras Unidades o Universidades? ', 27, 3),
(97, 'Respecto a dichos indicadores, ¿en qué situación competitiva situamos a la Unidad Organizativa?', 27, 3),
(98, '¿Ha identificado la Facultad con qué procesos están relacionados los índices de satisfacción de los empleados, y con qué indicadores de dichos procesos puede existir una correspondencia?', 28, 4),
(99, 'Sobre los indicadores de dichos procesos, que inciden directamente en la satisfacción de los empleados, ¿se marcan objetivos y se miden los resultados obtenidos? ', 28, 5),
(100, '¿La tendencia de dichos indicadores es positiva? ', 28, 5),
(101, 'Si en alguno no lo fuera, ¿se han averiguado las causas y establecido las acciones de mejora adecuadas?', 28, 5),
(102, '¿Se comparan los resultados de dichos indicadores con los de otras unidades de la propia Universidad y/o Universidades? ', 28, 6),
(103, 'Respecto a dichos indicadores, ¿en qué situación situamos a la Unidad Organizativa?', 28, 6),
(104, '¿Identifica y mide la Unidad Organizativa el nivel de percepción que tiene la Sociedad respecto a aquellos aspectos de especial sensibilidad social en su esfera de influencia? ', 29, 1),
(105, '¿La tendencia de dichos indicadores es positiva? ', 29, 1),
(106, 'Si en alguno no lo fuera, ¿se han averiguado las causas y establecido las acciones de mejora adecuadas?', 29, 1),
(107, '¿Ha identificado la Unidad Organizativa con qué procesos están relacionados los índices de percepción social, y con qué indicadores de dichos procesos puede existir una correspondencia? ', 30, 2),
(108, '¿Se marcan objetivos sobre dichos indicadores y se miden los resultados obtenidos? ', 30, 2),
(109, '¿La tendencia de dichos indicadores es positiva? ', 30, 2),
(110, 'Si en alguno no lo fuera, ¿se han averiguado las causas y establecido las acciones de mejora adecuadas?', 30, 2),
(111, '¿Se comparan los índices de percepción social de la Unidad Organizativa con los de otras Unidades de la propia Universidad o con Unidades Organizativas similares y de Universidades líderes? ', 30, 3),
(112, 'Respecto a dichos indicadores, ¿en qué situación competitiva situamos a la Unidad Organizativa?', 30, 3),
(113, '¿Define objetivos y mide la Unidad Organizativa de forma periódica y sistemática sus Resultados Clave, y especialmente los económico-financieros?', 31, 1),
(114, '¿Los objetivos son cada vez más exigentes y los resultados muestran una tendencia positiva? ', 31, 2),
(115, 'Si alguno de los Resultados Clave no reflejara una tendencia positiva, ¿se han averiguado las causas y establecido las acciones de mejora adecuadas?', 31, 2),
(116, '¿Se comparan los Resultados Clave con los de otras unidades organizativas o  universidades? ', 31, 3),
(117, 'Respecto a dichos indicadores de Resultados Clave, ¿en qué situación competitiva situamos a la Unidad Organizativa?', 31, 3),
(118, 'Además de dichos Resultados Clave, ¿define objetivos y mide la Facultadde forma periódica y sistemática otros resultados correspondientes a procesos de soporte, que contribuyen de manera sustancial a la consecución de los anteriores?', 32, 4),
(119, 'Los objetivos de dichos indicadores correspondientes a procesos de soporte, ¿son cada vez más exigentes y los resultados muestran una tendencia positiva?', 32, 5),
(120, 'Si alguno de los resultados no reflejara una tendencia positiva, ¿se han averiguado las causas y establecido las acciones de mejora adecuadas?', 32, 6),
(121, '¿Se comparan los resultados de los indicadores de procesos de soporte con los de otras Unidades Organizativas o Universidades? ', 32, 7),
(122, 'Respecto a dichos indicadores, ¿en qué situación competitiva situamos a la Unidad Organizativa?', 32, 7);

-- --------------------------------------------------------

--
-- Table structure for table `pregunta_grupo`
--

CREATE TABLE `pregunta_grupo` (
  `idpregunta_grupo` int(11) NOT NULL,
  `pregunta_grupo_descripcion` varchar(45) NOT NULL
) ENGINE=InnoDB DEFAULT CHARSET=utf8;

--
-- Dumping data for table `pregunta_grupo`
--

INSERT INTO `pregunta_grupo` (`idpregunta_grupo`, `pregunta_grupo_descripcion`) VALUES
(1, 'P1'),
(2, 'P2'),
(3, 'P3'),
(4, 'P4'),
(5, 'P5'),
(6, 'P6'),
(7, 'P7');

-- --------------------------------------------------------

--
-- Table structure for table `prioridad_mejora`
--

CREATE TABLE `prioridad_mejora` (
  `idprioridad_mejora` int(11) NOT NULL,
  `descripcion` varchar(45) DEFAULT NULL
) ENGINE=InnoDB DEFAULT CHARSET=utf8;

--
-- Dumping data for table `prioridad_mejora`
--

INSERT INTO `prioridad_mejora` (`idprioridad_mejora`, `descripcion`) VALUES
(1, 'Baja'),
(2, 'Media'),
(3, 'Alta');

-- --------------------------------------------------------

--
-- Table structure for table `subcriterio`
--

CREATE TABLE `subcriterio` (
  `idsubcriterio` int(11) NOT NULL,
  `subcriterio_nombre` varchar(45) NOT NULL,
  `criterio_idcriterio` int(11) NOT NULL,
  `porcentaje_en_criterio` float NOT NULL
) ENGINE=InnoDB DEFAULT CHARSET=utf8;

--
-- Dumping data for table `subcriterio`
--

INSERT INTO `subcriterio` (`idsubcriterio`, `subcriterio_nombre`, `criterio_idcriterio`, `porcentaje_en_criterio`) VALUES
(1, '1a', 1, 0.2),
(2, '1b', 1, 0.2),
(3, '1c', 1, 0.2),
(4, '1d', 1, 0.2),
(5, '1e', 1, 0.2),
(6, '2a', 2, 0.25),
(7, '2b', 2, 0.25),
(8, '2c', 2, 0.25),
(9, '2d', 2, 0.25),
(10, '3a', 3, 0.2),
(11, '3b', 3, 0.2),
(12, '3c', 3, 0.2),
(13, '3d', 3, 0.2),
(14, '3e', 3, 0.2),
(15, '4a', 4, 0.2),
(16, '4b', 4, 0.2),
(17, '4c', 4, 0.2),
(18, '4d', 4, 0.2),
(19, '4e', 4, 0.2),
(20, '5a', 5, 0.2),
(21, '5b', 5, 0.2),
(22, '5c', 5, 0.2),
(23, '5d', 5, 0.2),
(24, '5e', 5, 0.2),
(25, '6a', 6, 0.75),
(26, '6b', 6, 0.25),
(27, '7a', 7, 0.75),
(28, '7b', 7, 0.25),
(29, '8a', 8, 0.5),
(30, '8b', 8, 0.5),
(31, '9a', 9, 0.5),
(32, '9b', 9, 0.5);

-- --------------------------------------------------------

--
-- Table structure for table `subcriterio_has_evidencia`
--

CREATE TABLE `subcriterio_has_evidencia` (
  `idsubcriterio_has_evidencia` int(11) NOT NULL,
  `evidencia_idevidencia` int(11) NOT NULL,
  `area_idarea` int(11) NOT NULL,
  `periodo_idperiodo` int(11) NOT NULL,
  `subcriterio_idsubcriterio` int(11) NOT NULL
) ENGINE=InnoDB DEFAULT CHARSET=utf8;

--
-- Dumping data for table `subcriterio_has_evidencia`
--

INSERT INTO `subcriterio_has_evidencia` (`idsubcriterio_has_evidencia`, `evidencia_idevidencia`, `area_idarea`, `periodo_idperiodo`, `subcriterio_idsubcriterio`) VALUES
(15, 7, 1, 8, 1),
(16, 7, 2, 8, 1),
(17, 7, 3, 8, 1),
(18, 7, 4, 8, 1),
(19, 7, 5, 8, 1),
(20, 7, 6, 8, 1),
(21, 7, 7, 8, 1),
(22, 7, 8, 8, 1),
(23, 7, 1, 8, 2),
(24, 7, 2, 8, 2),
(25, 7, 3, 8, 2),
(26, 7, 4, 8, 2),
(27, 7, 5, 8, 2),
(28, 7, 6, 8, 2),
(29, 7, 7, 8, 2),
(30, 7, 8, 8, 2),
(31, 7, 1, 8, 3),
(32, 7, 2, 8, 3),
(33, 7, 3, 8, 3),
(34, 7, 4, 8, 3),
(35, 7, 5, 8, 3),
(36, 7, 6, 8, 3),
(37, 7, 7, 8, 3),
(38, 7, 8, 8, 3),
(39, 7, 1, 8, 4),
(40, 7, 2, 8, 4),
(41, 7, 3, 8, 4),
(42, 7, 4, 8, 4),
(43, 7, 5, 8, 4),
(44, 7, 6, 8, 4),
(45, 7, 7, 8, 4),
(46, 7, 8, 8, 4),
(47, 7, 1, 8, 5),
(48, 7, 2, 8, 5),
(49, 7, 3, 8, 5),
(50, 7, 4, 8, 5),
(51, 7, 5, 8, 5),
(52, 7, 6, 8, 5),
(53, 7, 7, 8, 5),
(54, 7, 8, 8, 5),
(55, 7, 1, 8, 6),
(56, 7, 2, 8, 6),
(57, 7, 3, 8, 6),
(58, 7, 4, 8, 6),
(59, 7, 5, 8, 6),
(60, 7, 6, 8, 6),
(61, 7, 7, 8, 6),
(62, 7, 8, 8, 6),
(63, 7, 1, 8, 7),
(64, 7, 2, 8, 7),
(65, 7, 3, 8, 7),
(66, 7, 4, 8, 7),
(67, 7, 5, 8, 7),
(68, 7, 6, 8, 7),
(69, 7, 7, 8, 7),
(70, 7, 8, 8, 7),
(71, 7, 1, 8, 8),
(72, 7, 2, 8, 8),
(73, 7, 3, 8, 8),
(74, 7, 4, 8, 8),
(75, 7, 5, 8, 8),
(76, 7, 6, 8, 8),
(77, 7, 7, 8, 8),
(78, 7, 8, 8, 8),
(79, 7, 1, 8, 9),
(80, 7, 2, 8, 9),
(81, 7, 3, 8, 9),
(82, 7, 4, 8, 9),
(83, 7, 5, 8, 9),
(84, 7, 6, 8, 9),
(85, 7, 7, 8, 9),
(86, 7, 8, 8, 9),
(87, 7, 1, 8, 10),
(88, 7, 2, 8, 10),
(89, 7, 3, 8, 10),
(90, 7, 4, 8, 10),
(91, 7, 5, 8, 10),
(92, 7, 6, 8, 10),
(93, 7, 7, 8, 10),
(94, 7, 8, 8, 10),
(95, 7, 1, 8, 11),
(96, 7, 2, 8, 11),
(97, 7, 3, 8, 11),
(98, 7, 4, 8, 11),
(99, 7, 5, 8, 11),
(100, 7, 6, 8, 11),
(101, 7, 7, 8, 11),
(102, 7, 8, 8, 11),
(103, 7, 1, 8, 12),
(104, 7, 2, 8, 12),
(105, 7, 3, 8, 12),
(106, 7, 4, 8, 12),
(107, 7, 5, 8, 12),
(108, 7, 6, 8, 12),
(109, 7, 7, 8, 12),
(110, 7, 8, 8, 12),
(111, 7, 1, 8, 13),
(112, 7, 2, 8, 13),
(113, 7, 3, 8, 13),
(114, 7, 4, 8, 13),
(115, 7, 5, 8, 13),
(116, 7, 6, 8, 13),
(117, 7, 7, 8, 13),
(118, 7, 8, 8, 13),
(119, 7, 1, 8, 14),
(120, 7, 2, 8, 14),
(121, 7, 3, 8, 14),
(122, 7, 4, 8, 14),
(123, 7, 5, 8, 14),
(124, 7, 6, 8, 14),
(125, 7, 7, 8, 14),
(126, 7, 8, 8, 14),
(127, 7, 1, 8, 15),
(128, 7, 2, 8, 15),
(129, 7, 3, 8, 15),
(130, 7, 4, 8, 15),
(131, 7, 5, 8, 15),
(132, 7, 6, 8, 15),
(133, 7, 7, 8, 15),
(134, 7, 8, 8, 15),
(135, 7, 1, 8, 16),
(136, 7, 2, 8, 16),
(137, 7, 3, 8, 16),
(138, 7, 4, 8, 16),
(139, 7, 5, 8, 16),
(140, 7, 6, 8, 16),
(141, 7, 7, 8, 16),
(142, 7, 8, 8, 16),
(143, 7, 1, 8, 17),
(144, 7, 2, 8, 17),
(145, 7, 3, 8, 17),
(146, 7, 4, 8, 17),
(147, 7, 5, 8, 17),
(148, 7, 6, 8, 17),
(149, 7, 7, 8, 17),
(150, 7, 8, 8, 17),
(151, 7, 1, 8, 18),
(152, 7, 2, 8, 18),
(153, 7, 3, 8, 18),
(154, 7, 4, 8, 18),
(155, 7, 5, 8, 18),
(156, 7, 6, 8, 18),
(157, 7, 7, 8, 18),
(158, 7, 8, 8, 18),
(159, 7, 1, 8, 19),
(160, 7, 2, 8, 19),
(161, 7, 3, 8, 19),
(162, 7, 4, 8, 19),
(163, 7, 5, 8, 19),
(164, 7, 6, 8, 19),
(165, 7, 7, 8, 19),
(166, 7, 8, 8, 19),
(167, 7, 1, 8, 20),
(168, 7, 2, 8, 20),
(169, 7, 3, 8, 20),
(170, 7, 4, 8, 20),
(171, 7, 5, 8, 20),
(172, 7, 6, 8, 20),
(173, 7, 7, 8, 20),
(174, 7, 8, 8, 20),
(175, 7, 1, 8, 21),
(176, 7, 2, 8, 21),
(177, 7, 3, 8, 21),
(178, 7, 4, 8, 21),
(179, 7, 5, 8, 21),
(180, 7, 6, 8, 21),
(181, 7, 7, 8, 21),
(182, 7, 8, 8, 21),
(183, 7, 1, 8, 22),
(184, 7, 2, 8, 22),
(185, 7, 3, 8, 22),
(186, 7, 4, 8, 22),
(187, 7, 5, 8, 22),
(188, 7, 6, 8, 22),
(189, 7, 7, 8, 22),
(190, 7, 8, 8, 22),
(191, 7, 1, 8, 23),
(192, 7, 2, 8, 23),
(193, 7, 3, 8, 23),
(194, 7, 4, 8, 23),
(195, 7, 5, 8, 23),
(196, 7, 6, 8, 23),
(197, 7, 7, 8, 23),
(198, 7, 8, 8, 23),
(199, 7, 1, 8, 24),
(200, 7, 2, 8, 24),
(201, 7, 3, 8, 24),
(202, 7, 4, 8, 24),
(203, 7, 5, 8, 24),
(204, 7, 6, 8, 24),
(205, 7, 7, 8, 24),
(206, 7, 8, 8, 24),
(207, 7, 1, 8, 25),
(208, 7, 2, 8, 25),
(209, 7, 3, 8, 25),
(210, 7, 4, 8, 25),
(211, 7, 5, 8, 25),
(212, 7, 6, 8, 25),
(213, 7, 7, 8, 25),
(214, 7, 8, 8, 25),
(215, 7, 1, 8, 26),
(216, 7, 2, 8, 26),
(217, 7, 3, 8, 26),
(218, 7, 4, 8, 26),
(219, 7, 5, 8, 26),
(220, 7, 6, 8, 26),
(221, 7, 7, 8, 26),
(222, 7, 8, 8, 26),
(223, 7, 1, 8, 27),
(224, 7, 2, 8, 27),
(225, 7, 3, 8, 27),
(226, 7, 4, 8, 27),
(227, 7, 5, 8, 27),
(228, 7, 6, 8, 27),
(229, 7, 7, 8, 27),
(230, 7, 8, 8, 27),
(231, 7, 1, 8, 28),
(232, 7, 2, 8, 28),
(233, 7, 3, 8, 28),
(234, 7, 4, 8, 28),
(235, 7, 5, 8, 28),
(236, 7, 6, 8, 28),
(237, 7, 7, 8, 28),
(238, 7, 8, 8, 28),
(239, 7, 1, 8, 29),
(240, 7, 2, 8, 29),
(241, 7, 3, 8, 29),
(242, 7, 4, 8, 29),
(243, 7, 5, 8, 29),
(244, 7, 6, 8, 29),
(245, 7, 7, 8, 29),
(246, 7, 8, 8, 29),
(247, 7, 1, 8, 30),
(248, 7, 2, 8, 30),
(249, 7, 3, 8, 30),
(250, 7, 4, 8, 30),
(251, 7, 5, 8, 30),
(252, 7, 6, 8, 30),
(253, 7, 7, 8, 30),
(254, 7, 8, 8, 30),
(255, 7, 1, 8, 31),
(256, 7, 2, 8, 31),
(257, 7, 3, 8, 31),
(258, 7, 4, 8, 31),
(259, 7, 5, 8, 31),
(260, 7, 6, 8, 31),
(261, 7, 7, 8, 31),
(262, 7, 8, 8, 31),
(263, 7, 1, 8, 32),
(264, 7, 2, 8, 32),
(265, 7, 3, 8, 32),
(266, 7, 4, 8, 32),
(267, 7, 5, 8, 32),
(268, 7, 6, 8, 32),
(269, 7, 7, 8, 32),
(270, 7, 8, 8, 32),
(271, 8, 3, 5, 1),
(282, 9, 3, 5, 1),
(283, 14, 3, 5, 8),
(284, 15, 3, 5, 9),
(285, 16, 3, 5, 15),
(286, 17, 3, 5, 17),
(287, 18, 3, 5, 17),
(288, 19, 3, 5, 17),
(289, 20, 3, 5, 17),
(290, 21, 3, 5, 1),
(291, 22, 3, 5, 6),
(292, 23, 3, 5, 6),
(293, 24, 3, 5, 9),
(294, 25, 3, 5, 20),
(295, 27, 13, 5, 15),
(296, 28, 13, 5, 15),
(297, 29, 13, 5, 15),
(298, 30, 13, 5, 1),
(299, 31, 13, 5, 8),
(300, 32, 13, 5, 8),
(301, 33, 13, 5, 19),
(302, 34, 8, 5, 1),
(303, 34, 8, 5, 2),
(304, 34, 8, 5, 3),
(305, 34, 8, 5, 4),
(306, 34, 8, 5, 5),
(307, 35, 8, 5, 1),
(308, 35, 8, 5, 2),
(309, 35, 8, 5, 3),
(310, 35, 8, 5, 4),
(311, 35, 8, 5, 5),
(312, 36, 8, 5, 10),
(313, 36, 8, 5, 11),
(314, 36, 8, 5, 12),
(315, 36, 8, 5, 13),
(316, 36, 8, 5, 14),
(317, 37, 8, 5, 15),
(318, 37, 8, 5, 16),
(319, 37, 8, 5, 17),
(320, 37, 8, 5, 18),
(321, 37, 8, 5, 19),
(322, 38, 8, 5, 15),
(323, 38, 8, 5, 16),
(324, 38, 8, 5, 17),
(325, 38, 8, 5, 18),
(326, 38, 8, 5, 19),
(327, 39, 8, 5, 15),
(328, 39, 8, 5, 16),
(329, 39, 8, 5, 17),
(330, 39, 8, 5, 18),
(331, 39, 8, 5, 19),
(332, 40, 8, 5, 15),
(333, 40, 8, 5, 16),
(334, 40, 8, 5, 17),
(335, 40, 8, 5, 18),
(336, 40, 8, 5, 19),
(337, 41, 8, 5, 15),
(338, 41, 8, 5, 16),
(339, 41, 8, 5, 17),
(340, 41, 8, 5, 18),
(341, 41, 8, 5, 19),
(342, 43, 8, 5, 20),
(343, 43, 8, 5, 21),
(344, 43, 8, 5, 22),
(345, 43, 8, 5, 23),
(346, 43, 8, 5, 24),
(347, 43, 8, 5, 31),
(348, 43, 8, 5, 32),
(349, 44, 8, 5, 29),
(350, 44, 8, 5, 30),
(351, 45, 8, 5, 29),
(352, 45, 8, 5, 30),
(353, 46, 8, 5, 29),
(354, 46, 8, 5, 30),
(355, 47, 8, 5, 29),
(356, 47, 8, 5, 30),
(357, 48, 8, 5, 29),
(358, 48, 8, 5, 30),
(359, 49, 8, 5, 29),
(360, 49, 8, 5, 30),
(361, 50, 8, 5, 29),
(362, 50, 8, 5, 30),
(363, 51, 8, 5, 29),
(364, 51, 8, 5, 30),
(365, 52, 8, 5, 29),
(366, 52, 8, 5, 30),
(367, 53, 8, 5, 29),
(368, 53, 8, 5, 30),
(369, 54, 8, 5, 29),
(370, 54, 8, 5, 30),
(371, 55, 8, 5, 6),
(372, 56, 12, 5, 1),
(373, 56, 12, 5, 2),
(374, 56, 12, 5, 3),
(375, 56, 12, 5, 4),
(376, 56, 12, 5, 5),
(377, 56, 12, 5, 6),
(378, 56, 12, 5, 7),
(379, 56, 12, 5, 8),
(380, 56, 12, 5, 9),
(381, 57, 2, 5, 1),
(382, 57, 2, 5, 2),
(383, 57, 2, 5, 3),
(384, 57, 2, 5, 4),
(385, 57, 2, 5, 5),
(386, 58, 1, 7, 1),
(387, 58, 1, 7, 2),
(388, 58, 1, 7, 3),
(389, 58, 1, 7, 4),
(390, 58, 1, 7, 5),
(391, 59, 1, 7, 1),
(392, 59, 1, 7, 2),
(393, 59, 1, 7, 3),
(394, 59, 1, 7, 4),
(395, 59, 1, 7, 5),
(396, 60, 1, 7, 1),
(397, 60, 1, 7, 2),
(398, 60, 1, 7, 3),
(399, 60, 1, 7, 4),
(400, 60, 1, 7, 5),
(401, 61, 1, 7, 1),
(402, 61, 1, 7, 2),
(403, 61, 1, 7, 3),
(404, 61, 1, 7, 4),
(405, 61, 1, 7, 5),
(406, 62, 1, 7, 10),
(407, 62, 1, 7, 11),
(408, 62, 1, 7, 12),
(409, 62, 1, 7, 13),
(410, 62, 1, 7, 14),
(411, 63, 1, 7, 15),
(412, 63, 1, 7, 16),
(413, 63, 1, 7, 17),
(414, 63, 1, 7, 18),
(415, 63, 1, 7, 19),
(416, 64, 1, 7, 15),
(417, 64, 1, 7, 16),
(418, 64, 1, 7, 17),
(419, 64, 1, 7, 18),
(420, 64, 1, 7, 19),
(421, 65, 1, 7, 15),
(422, 65, 1, 7, 16),
(423, 65, 1, 7, 17),
(424, 65, 1, 7, 18),
(425, 65, 1, 7, 19),
(426, 66, 1, 7, 15),
(427, 66, 1, 7, 16),
(428, 66, 1, 7, 17),
(429, 66, 1, 7, 18),
(430, 66, 1, 7, 19),
(431, 67, 1, 7, 15),
(432, 67, 1, 7, 16),
(433, 67, 1, 7, 17),
(434, 67, 1, 7, 18),
(435, 67, 1, 7, 19),
(436, 68, 1, 7, 15),
(437, 68, 1, 7, 16),
(438, 68, 1, 7, 17),
(439, 68, 1, 7, 18),
(440, 68, 1, 7, 19),
(441, 69, 1, 7, 15),
(442, 69, 1, 7, 16),
(443, 69, 1, 7, 17),
(444, 69, 1, 7, 18),
(445, 69, 1, 7, 19),
(446, 70, 1, 7, 15),
(447, 70, 1, 7, 16),
(448, 70, 1, 7, 17),
(449, 70, 1, 7, 18),
(450, 70, 1, 7, 19),
(451, 71, 1, 7, 1),
(452, 71, 1, 7, 15),
(453, 71, 1, 7, 16),
(454, 71, 1, 7, 17),
(455, 71, 1, 7, 18),
(456, 71, 1, 7, 19),
(457, 72, 1, 7, 15),
(458, 72, 1, 7, 16),
(459, 72, 1, 7, 17),
(460, 72, 1, 7, 18),
(461, 72, 1, 7, 19),
(462, 73, 1, 7, 1),
(463, 73, 1, 7, 2),
(464, 73, 1, 7, 3),
(465, 73, 1, 7, 4),
(466, 73, 1, 7, 5),
(467, 74, 1, 7, 1),
(468, 74, 1, 7, 2),
(469, 74, 1, 7, 3),
(470, 74, 1, 7, 4),
(471, 74, 1, 7, 5),
(472, 75, 1, 7, 1),
(473, 75, 1, 7, 2),
(474, 75, 1, 7, 3),
(475, 75, 1, 7, 4),
(476, 75, 1, 7, 5),
(477, 76, 1, 7, 1),
(478, 76, 1, 7, 2),
(479, 76, 1, 7, 3),
(480, 76, 1, 7, 4),
(481, 76, 1, 7, 5),
(482, 77, 1, 7, 1),
(483, 77, 1, 7, 2),
(484, 77, 1, 7, 3),
(485, 77, 1, 7, 4),
(486, 77, 1, 7, 5),
(487, 78, 1, 7, 1),
(488, 78, 1, 7, 2),
(489, 78, 1, 7, 3),
(490, 78, 1, 7, 4),
(491, 78, 1, 7, 5),
(492, 79, 1, 7, 1),
(493, 79, 1, 7, 2),
(494, 79, 1, 7, 3),
(495, 79, 1, 7, 4),
(496, 79, 1, 7, 5),
(497, 80, 1, 7, 1),
(498, 80, 1, 7, 2),
(499, 80, 1, 7, 3),
(500, 80, 1, 7, 4),
(501, 80, 1, 7, 5),
(502, 81, 1, 7, 1),
(503, 81, 1, 7, 2),
(504, 81, 1, 7, 3),
(505, 81, 1, 7, 4),
(506, 81, 1, 7, 5),
(507, 82, 1, 7, 1),
(508, 82, 1, 7, 2),
(509, 82, 1, 7, 3),
(510, 82, 1, 7, 4),
(511, 82, 1, 7, 5),
(512, 83, 6, 5, 2),
(513, 84, 6, 5, 5),
(514, 85, 6, 5, 11),
(515, 86, 6, 5, 15),
(516, 87, 6, 5, 17),
(517, 88, 10, 5, 1),
(518, 89, 10, 5, 3),
(519, 90, 10, 5, 26),
(520, 91, 1, 5, 2),
(521, 92, 11, 5, 2),
(522, 93, 6, 5, 5),
(523, 94, 6, 5, 11),
(524, 95, 6, 5, 15),
(525, 96, 1, 5, 3),
(526, 97, 11, 5, 3),
(527, 98, 11, 5, 26),
(528, 99, 5, 5, 1),
(529, 99, 5, 5, 3),
(530, 99, 5, 5, 5),
(531, 99, 5, 5, 6),
(532, 99, 5, 5, 7),
(533, 99, 5, 5, 9),
(534, 100, 5, 5, 25),
(535, 100, 5, 5, 30),
(536, 100, 5, 5, 32),
(537, 101, 2, 5, 6),
(538, 101, 2, 5, 7),
(539, 101, 2, 5, 8),
(540, 101, 2, 5, 9),
(541, 101, 2, 5, 20),
(542, 101, 2, 5, 21),
(543, 101, 2, 5, 22),
(544, 101, 2, 5, 23),
(545, 101, 2, 5, 24),
(546, 101, 2, 5, 31),
(547, 101, 2, 5, 32),
(548, 102, 2, 5, 6),
(549, 102, 2, 5, 7),
(550, 102, 2, 5, 8),
(551, 102, 2, 5, 9),
(552, 102, 2, 5, 20),
(553, 102, 2, 5, 21),
(554, 102, 2, 5, 22),
(555, 102, 2, 5, 23),
(556, 102, 2, 5, 24),
(557, 102, 2, 5, 31),
(558, 102, 2, 5, 32),
(559, 103, 2, 5, 6),
(560, 103, 2, 5, 7),
(561, 103, 2, 5, 8),
(562, 103, 2, 5, 9),
(563, 103, 2, 5, 20),
(564, 103, 2, 5, 21),
(565, 103, 2, 5, 22),
(566, 103, 2, 5, 23),
(567, 103, 2, 5, 24),
(568, 103, 2, 5, 31),
(569, 103, 2, 5, 32),
(570, 104, 2, 5, 6),
(571, 104, 2, 5, 7),
(572, 104, 2, 5, 8),
(573, 104, 2, 5, 9),
(574, 104, 2, 5, 20),
(575, 104, 2, 5, 21),
(576, 104, 2, 5, 22),
(577, 104, 2, 5, 23),
(578, 104, 2, 5, 24),
(579, 104, 2, 5, 31),
(580, 104, 2, 5, 32),
(581, 105, 2, 5, 6),
(582, 105, 2, 5, 7),
(583, 105, 2, 5, 8),
(584, 105, 2, 5, 9),
(585, 105, 2, 5, 20),
(586, 105, 2, 5, 21),
(587, 105, 2, 5, 22),
(588, 105, 2, 5, 23),
(589, 105, 2, 5, 24),
(590, 105, 2, 5, 31),
(591, 105, 2, 5, 32),
(592, 106, 2, 5, 6),
(593, 106, 2, 5, 7),
(594, 106, 2, 5, 8),
(595, 106, 2, 5, 9),
(596, 106, 2, 5, 20),
(597, 106, 2, 5, 21),
(598, 106, 2, 5, 22),
(599, 106, 2, 5, 23),
(600, 106, 2, 5, 24),
(601, 106, 2, 5, 31),
(602, 106, 2, 5, 32),
(603, 107, 2, 5, 25),
(604, 107, 2, 5, 26),
(605, 107, 2, 5, 29),
(606, 107, 2, 5, 30),
(607, 108, 2, 5, 25),
(608, 108, 2, 5, 26),
(609, 108, 2, 5, 29),
(610, 108, 2, 5, 30),
(611, 109, 2, 5, 25),
(612, 109, 2, 5, 26),
(613, 109, 2, 5, 29),
(614, 109, 2, 5, 30),
(615, 110, 9, 5, 1),
(616, 110, 9, 5, 2),
(617, 110, 9, 5, 3),
(618, 111, 9, 5, 10),
(619, 111, 9, 5, 11),
(620, 112, 9, 5, 8),
(621, 112, 9, 5, 9),
(622, 112, 9, 5, 23),
(623, 113, 9, 5, 23),
(624, 113, 9, 5, 24);

-- --------------------------------------------------------

--
-- Table structure for table `usuario`
--

CREATE TABLE `usuario` (
  `idusuario` int(11) NOT NULL,
  `usuario_nombre` varchar(45) NOT NULL,
  `usuario_pass` varchar(45) NOT NULL,
  `persona_idpersona` int(11) NOT NULL,
  `usuario_estado` tinyint(4) NOT NULL
) ENGINE=InnoDB DEFAULT CHARSET=utf8;

--
-- Dumping data for table `usuario`
--

INSERT INTO `usuario` (`idusuario`, `usuario_nombre`, `usuario_pass`, `persona_idpersona`, `usuario_estado`) VALUES
(1, 'Admin', '25577d6f704f7454b565967018757920', 1, 1),
(2, 'fiamadiaz', '419db89b9c44e524de57b40969a91e3b', 9, 1),
(3, 'pablotolaba', '64cdd454b3776d63059c1778765c23af', 5, 1),
(4, 'julietamaturana', 'fb42c63ba720d7295aaf706f90574a55', 4, 1),
(5, 'jamilabuabud', 'ff4c8341b693b82a2fd299d974d52750', 13, 1),
(6, 'melisagramajo', '605fc19b1cab5d49279452c2cf5de494', 6, 1),
(7, 'marianodiaz', 'b127a4a30aae96bf2143533f5bf4539c', 10, 1),
(8, 'jesusnelegati', '77aa992f1616613b55c0f2355c43e988', 11, 1),
(9, 'lauraragonese', '4f88ee4d35e992cef1ed76e5595fad2f', 12, 1),
(10, 'Invitado', 'a6ae8a143d440ab8c006d799f682d48d', 14, 1);

--
-- Indexes for dumped tables
--

--
-- Indexes for table `area`
--
ALTER TABLE `area`
  ADD PRIMARY KEY (`idarea`),
  ADD KEY `fk_area_organizacion_idx` (`organizacion_idorganizacion`);

--
-- Indexes for table `criterio`
--
ALTER TABLE `criterio`
  ADD PRIMARY KEY (`idcriterio`),
  ADD KEY `fk_criterio_criterio_tipo1_idx` (`criterio_tipo_idcriterio_tipo`);

--
-- Indexes for table `criterio_tipo`
--
ALTER TABLE `criterio_tipo`
  ADD PRIMARY KEY (`idcriterio_tipo`);

--
-- Indexes for table `encuesta`
--
ALTER TABLE `encuesta`
  ADD PRIMARY KEY (`idencuesta`),
  ADD KEY `fk_encuesta_area1_idx` (`area_idarea`);

--
-- Indexes for table `encuesta_calculo`
--
ALTER TABLE `encuesta_calculo`
  ADD PRIMARY KEY (`idencuesta_calculo`,`pregunta_idpregunta`,`periodo_idperiodo`,`encuesta_idencuesta`),
  ADD KEY `fk_encuesta_calculo_pregunta1_idx` (`pregunta_idpregunta`),
  ADD KEY `fk_encuesta_calculo_periodo1_idx` (`periodo_idperiodo`),
  ADD KEY `fk_encuesta_calculo_encuesta1_idx` (`encuesta_idencuesta`),
  ADD KEY `fk_encuesta_calculo_usuario1_idx` (`usuario_idusuario`);

--
-- Indexes for table `encuesta_has_persona`
--
ALTER TABLE `encuesta_has_persona`
  ADD PRIMARY KEY (`encuesta_idencuesta`,`persona_idpersona`),
  ADD KEY `fk_encuesta_has_persona_persona1_idx` (`persona_idpersona`),
  ADD KEY `fk_encuesta_has_persona_encuesta1_idx` (`encuesta_idencuesta`);

--
-- Indexes for table `evidencia`
--
ALTER TABLE `evidencia`
  ADD PRIMARY KEY (`idevidencia`);

--
-- Indexes for table `mejora`
--
ALTER TABLE `mejora`
  ADD PRIMARY KEY (`idmejora`),
  ADD KEY `fk_mejora_prioridad_mejora1_idx` (`prioridad_mejora_idprioridad_mejora`),
  ADD KEY `fk_mejora_encuesta1_idx` (`encuesta_idencuesta`),
  ADD KEY `fk_mejora_periodo1_idx` (`periodo_idperiodo`);

--
-- Indexes for table `organizacion`
--
ALTER TABLE `organizacion`
  ADD PRIMARY KEY (`idorganizacion`);

--
-- Indexes for table `periodo`
--
ALTER TABLE `periodo`
  ADD PRIMARY KEY (`idperiodo`);

--
-- Indexes for table `periodo_has_criterio`
--
ALTER TABLE `periodo_has_criterio`
  ADD PRIMARY KEY (`periodo_idperiodo`,`criterio_idcriterio`),
  ADD KEY `fk_periodo_has_criterio_criterio1_idx` (`criterio_idcriterio`),
  ADD KEY `fk_periodo_has_criterio_periodo1_idx` (`periodo_idperiodo`);

--
-- Indexes for table `persona`
--
ALTER TABLE `persona`
  ADD PRIMARY KEY (`idpersona`),
  ADD KEY `fk_persona_persona_tipo1_idx` (`persona_tipo_idpersona_tipo`);

--
-- Indexes for table `persona_tipo`
--
ALTER TABLE `persona_tipo`
  ADD PRIMARY KEY (`idpersona_tipo`);

--
-- Indexes for table `pregunta`
--
ALTER TABLE `pregunta`
  ADD PRIMARY KEY (`idpregunta`,`subcriterio_idsubcriterio`),
  ADD KEY `fk_pregunta_subcriterio1_idx` (`subcriterio_idsubcriterio`),
  ADD KEY `fk_pregunta_pregunta_grupo1_idx` (`pregunta_grupo_idpregunta_grupo`);

--
-- Indexes for table `pregunta_grupo`
--
ALTER TABLE `pregunta_grupo`
  ADD PRIMARY KEY (`idpregunta_grupo`);

--
-- Indexes for table `prioridad_mejora`
--
ALTER TABLE `prioridad_mejora`
  ADD PRIMARY KEY (`idprioridad_mejora`);

--
-- Indexes for table `subcriterio`
--
ALTER TABLE `subcriterio`
  ADD PRIMARY KEY (`idsubcriterio`,`criterio_idcriterio`),
  ADD KEY `fk_subcriterio_criterio1_idx` (`criterio_idcriterio`);

--
-- Indexes for table `subcriterio_has_evidencia`
--
ALTER TABLE `subcriterio_has_evidencia`
  ADD PRIMARY KEY (`idsubcriterio_has_evidencia`),
  ADD KEY `fk_subcriterio_has_evidencia_evidencia1_idx` (`evidencia_idevidencia`),
  ADD KEY `fk_subcriterio_has_evidencia_area1_idx` (`area_idarea`),
  ADD KEY `fk_subcriterio_has_evidencia_periodo1_idx` (`periodo_idperiodo`),
  ADD KEY `fk_subcriterio_has_evidencia_subcriterio1_idx` (`subcriterio_idsubcriterio`);

--
-- Indexes for table `usuario`
--
ALTER TABLE `usuario`
  ADD PRIMARY KEY (`idusuario`,`persona_idpersona`),
  ADD KEY `fk_usuario_persona1_idx` (`persona_idpersona`);

--
-- AUTO_INCREMENT for dumped tables
--

--
-- AUTO_INCREMENT for table `area`
--
ALTER TABLE `area`
  MODIFY `idarea` int(11) NOT NULL AUTO_INCREMENT, AUTO_INCREMENT=14;
--
-- AUTO_INCREMENT for table `criterio`
--
ALTER TABLE `criterio`
  MODIFY `idcriterio` int(11) NOT NULL AUTO_INCREMENT, AUTO_INCREMENT=10;
--
-- AUTO_INCREMENT for table `criterio_tipo`
--
ALTER TABLE `criterio_tipo`
  MODIFY `idcriterio_tipo` int(11) NOT NULL AUTO_INCREMENT, AUTO_INCREMENT=3;
--
-- AUTO_INCREMENT for table `encuesta`
--
ALTER TABLE `encuesta`
  MODIFY `idencuesta` int(11) NOT NULL AUTO_INCREMENT, AUTO_INCREMENT=54;
--
-- AUTO_INCREMENT for table `encuesta_calculo`
--
ALTER TABLE `encuesta_calculo`
  MODIFY `idencuesta_calculo` int(11) NOT NULL AUTO_INCREMENT, AUTO_INCREMENT=5773;
--
-- AUTO_INCREMENT for table `evidencia`
--
ALTER TABLE `evidencia`
  MODIFY `idevidencia` int(11) NOT NULL AUTO_INCREMENT, AUTO_INCREMENT=114;
--
-- AUTO_INCREMENT for table `mejora`
--
ALTER TABLE `mejora`
  MODIFY `idmejora` int(11) NOT NULL AUTO_INCREMENT, AUTO_INCREMENT=89;
--
-- AUTO_INCREMENT for table `organizacion`
--
ALTER TABLE `organizacion`
  MODIFY `idorganizacion` int(11) NOT NULL AUTO_INCREMENT, AUTO_INCREMENT=2;
--
-- AUTO_INCREMENT for table `periodo`
--
ALTER TABLE `periodo`
  MODIFY `idperiodo` int(11) NOT NULL AUTO_INCREMENT, AUTO_INCREMENT=9;
--
-- AUTO_INCREMENT for table `persona`
--
ALTER TABLE `persona`
  MODIFY `idpersona` int(11) NOT NULL AUTO_INCREMENT, AUTO_INCREMENT=15;
--
-- AUTO_INCREMENT for table `pregunta`
--
ALTER TABLE `pregunta`
  MODIFY `idpregunta` int(11) NOT NULL AUTO_INCREMENT, AUTO_INCREMENT=123;
--
-- AUTO_INCREMENT for table `pregunta_grupo`
--
ALTER TABLE `pregunta_grupo`
  MODIFY `idpregunta_grupo` int(11) NOT NULL AUTO_INCREMENT, AUTO_INCREMENT=8;
--
-- AUTO_INCREMENT for table `prioridad_mejora`
--
ALTER TABLE `prioridad_mejora`
  MODIFY `idprioridad_mejora` int(11) NOT NULL AUTO_INCREMENT, AUTO_INCREMENT=4;
--
-- AUTO_INCREMENT for table `subcriterio`
--
ALTER TABLE `subcriterio`
  MODIFY `idsubcriterio` int(11) NOT NULL AUTO_INCREMENT, AUTO_INCREMENT=33;
--
-- AUTO_INCREMENT for table `subcriterio_has_evidencia`
--
ALTER TABLE `subcriterio_has_evidencia`
  MODIFY `idsubcriterio_has_evidencia` int(11) NOT NULL AUTO_INCREMENT, AUTO_INCREMENT=625;
--
-- AUTO_INCREMENT for table `usuario`
--
ALTER TABLE `usuario`
  MODIFY `idusuario` int(11) NOT NULL AUTO_INCREMENT, AUTO_INCREMENT=11;
--
-- Constraints for dumped tables
--

--
-- Constraints for table `area`
--
ALTER TABLE `area`
  ADD CONSTRAINT `fk_area_organizacion` FOREIGN KEY (`organizacion_idorganizacion`) REFERENCES `organizacion` (`idorganizacion`) ON DELETE NO ACTION ON UPDATE NO ACTION;

--
-- Constraints for table `criterio`
--
ALTER TABLE `criterio`
  ADD CONSTRAINT `fk_criterio_criterio_tipo1` FOREIGN KEY (`criterio_tipo_idcriterio_tipo`) REFERENCES `criterio_tipo` (`idcriterio_tipo`) ON DELETE NO ACTION ON UPDATE NO ACTION;

--
-- Constraints for table `encuesta`
--
ALTER TABLE `encuesta`
  ADD CONSTRAINT `fk_encuesta_area1` FOREIGN KEY (`area_idarea`) REFERENCES `area` (`idarea`) ON DELETE NO ACTION ON UPDATE NO ACTION;

--
-- Constraints for table `encuesta_calculo`
--
ALTER TABLE `encuesta_calculo`
  ADD CONSTRAINT `fk_encuesta_calculo_encuesta1` FOREIGN KEY (`encuesta_idencuesta`) REFERENCES `encuesta` (`idencuesta`) ON DELETE NO ACTION ON UPDATE NO ACTION,
  ADD CONSTRAINT `fk_encuesta_calculo_periodo1` FOREIGN KEY (`periodo_idperiodo`) REFERENCES `periodo` (`idperiodo`) ON DELETE NO ACTION ON UPDATE NO ACTION,
  ADD CONSTRAINT `fk_encuesta_calculo_pregunta1` FOREIGN KEY (`pregunta_idpregunta`) REFERENCES `pregunta` (`idpregunta`) ON DELETE NO ACTION ON UPDATE NO ACTION,
  ADD CONSTRAINT `fk_encuesta_calculo_usuario1` FOREIGN KEY (`usuario_idusuario`) REFERENCES `usuario` (`idusuario`) ON DELETE NO ACTION ON UPDATE NO ACTION;

--
-- Constraints for table `encuesta_has_persona`
--
ALTER TABLE `encuesta_has_persona`
  ADD CONSTRAINT `fk_encuesta_has_persona_encuesta1` FOREIGN KEY (`encuesta_idencuesta`) REFERENCES `encuesta` (`idencuesta`) ON DELETE NO ACTION ON UPDATE NO ACTION,
  ADD CONSTRAINT `fk_encuesta_has_persona_persona1` FOREIGN KEY (`persona_idpersona`) REFERENCES `persona` (`idpersona`) ON DELETE NO ACTION ON UPDATE NO ACTION;

--
-- Constraints for table `mejora`
--
ALTER TABLE `mejora`
  ADD CONSTRAINT `fk_mejora_encuesta1` FOREIGN KEY (`encuesta_idencuesta`) REFERENCES `encuesta` (`idencuesta`) ON DELETE NO ACTION ON UPDATE NO ACTION,
  ADD CONSTRAINT `fk_mejora_periodo1` FOREIGN KEY (`periodo_idperiodo`) REFERENCES `periodo` (`idperiodo`) ON DELETE NO ACTION ON UPDATE NO ACTION,
  ADD CONSTRAINT `fk_mejora_prioridad_mejora1` FOREIGN KEY (`prioridad_mejora_idprioridad_mejora`) REFERENCES `prioridad_mejora` (`idprioridad_mejora`) ON DELETE NO ACTION ON UPDATE NO ACTION;

--
-- Constraints for table `periodo_has_criterio`
--
ALTER TABLE `periodo_has_criterio`
  ADD CONSTRAINT `fk_periodo_has_criterio_criterio1` FOREIGN KEY (`criterio_idcriterio`) REFERENCES `criterio` (`idcriterio`) ON DELETE NO ACTION ON UPDATE NO ACTION,
  ADD CONSTRAINT `fk_periodo_has_criterio_periodo1` FOREIGN KEY (`periodo_idperiodo`) REFERENCES `periodo` (`idperiodo`) ON DELETE NO ACTION ON UPDATE NO ACTION;

--
-- Constraints for table `persona`
--
ALTER TABLE `persona`
  ADD CONSTRAINT `fk_persona_persona_tipo1` FOREIGN KEY (`persona_tipo_idpersona_tipo`) REFERENCES `persona_tipo` (`idpersona_tipo`) ON DELETE NO ACTION ON UPDATE NO ACTION;

--
-- Constraints for table `pregunta`
--
ALTER TABLE `pregunta`
  ADD CONSTRAINT `fk_pregunta_pregunta_grupo1` FOREIGN KEY (`pregunta_grupo_idpregunta_grupo`) REFERENCES `pregunta_grupo` (`idpregunta_grupo`) ON DELETE NO ACTION ON UPDATE NO ACTION,
  ADD CONSTRAINT `fk_pregunta_subcriterio1` FOREIGN KEY (`subcriterio_idsubcriterio`) REFERENCES `subcriterio` (`idsubcriterio`) ON DELETE NO ACTION ON UPDATE NO ACTION;

--
-- Constraints for table `subcriterio`
--
ALTER TABLE `subcriterio`
  ADD CONSTRAINT `fk_subcriterio_criterio1` FOREIGN KEY (`criterio_idcriterio`) REFERENCES `criterio` (`idcriterio`) ON DELETE NO ACTION ON UPDATE NO ACTION;

--
-- Constraints for table `subcriterio_has_evidencia`
--
ALTER TABLE `subcriterio_has_evidencia`
  ADD CONSTRAINT `fk_subcriterio_has_evidencia_area1` FOREIGN KEY (`area_idarea`) REFERENCES `area` (`idarea`) ON DELETE NO ACTION ON UPDATE NO ACTION,
  ADD CONSTRAINT `fk_subcriterio_has_evidencia_evidencia1` FOREIGN KEY (`evidencia_idevidencia`) REFERENCES `evidencia` (`idevidencia`) ON DELETE NO ACTION ON UPDATE NO ACTION,
  ADD CONSTRAINT `fk_subcriterio_has_evidencia_periodo1` FOREIGN KEY (`periodo_idperiodo`) REFERENCES `periodo` (`idperiodo`) ON DELETE NO ACTION ON UPDATE NO ACTION,
  ADD CONSTRAINT `fk_subcriterio_has_evidencia_subcriterio1` FOREIGN KEY (`subcriterio_idsubcriterio`) REFERENCES `subcriterio` (`idsubcriterio`) ON DELETE NO ACTION ON UPDATE NO ACTION;

--
-- Constraints for table `usuario`
--
ALTER TABLE `usuario`
  ADD CONSTRAINT `fk_usuario_persona1` FOREIGN KEY (`persona_idpersona`) REFERENCES `persona` (`idpersona`) ON DELETE NO ACTION ON UPDATE NO ACTION;

/*!40101 SET CHARACTER_SET_CLIENT=@OLD_CHARACTER_SET_CLIENT */;
/*!40101 SET CHARACTER_SET_RESULTS=@OLD_CHARACTER_SET_RESULTS */;
/*!40101 SET COLLATION_CONNECTION=@OLD_COLLATION_CONNECTION */;
